co_ppm,nox_detrended_ppm,tit_c,tey_mw,regime
0.965,56.393,1099.8,151.7,high_fire
0.585,65.544,1099.3,144.18,high_fire
10.934,103.482,1046.9,112.37,part_load
5.837,58.862,1088.2,133.13,normal
1.051,59.995,1079.8,133.96,normal
6.527,79.639,1048.2,104.64,part_load
1.536,62.514,1087.9,132.92,normal
13.535,102.729,1037.3,109.22,part_load
10.591,83.782,1025.5,106.36,part_load
1.76,71.595,1099.9,146.86,high_fire
1.991,59.934,1063.0,123.64,transition
1.201,78.474,1100.0,158.83,high_fire
4.025,65.435,1051.5,110.36,transition
0.725,57.524,1100.0,158.49,high_fire
1.836,56.351,1084.6,132.71,normal
1.81,77.542,1100.1,148.93,high_fire
1.271,68.957,1094.0,134.41,normal
6.43,68.34,1052.3,110.39,transition
0.672,71.256,1100.0,156.76,high_fire
18.208,84.566,1031.2,108.82,part_load
2.386,59.352,1073.4,119.39,transition
1.201,73.832,1100.0,162.54,high_fire
10.362,96.375,1042.8,110.31,part_load
1.295,70.2,1100.1,151.03,high_fire
2.068,64.007,1073.0,127.57,transition
4.605,56.654,1055.7,108.98,transition
2.999,57.035,1041.0,110.92,part_load
1.663,67.661,1082.2,133.66,normal
11.264,100.396,1038.7,109.41,part_load
6.491,79.413,1038.5,107.67,part_load
6.632,71.369,1049.9,108.4,part_load
5.033,71.066,1047.5,110.31,part_load
0.641,73.79,1094.7,134.04,normal
1.754,73.171,1099.9,153.94,high_fire
3.862,68.245,1071.8,128.71,transition
5.027,86.204,1040.5,106.17,part_load
2.866,74.991,1058.8,119.82,transition
1.04,65.782,1093.0,142.82,normal
0.485,53.658,1099.9,169.23,high_fire
1.665,67.308,1080.8,133.26,normal
2.932,63.177,1100.0,170.0,high_fire
8.795,77.249,1049.5,113.55,part_load
1.859,64.204,1061.6,120.41,transition
11.467,94.995,1039.4,103.98,part_load
1.623,59.179,1080.2,134.69,normal
11.833,96.807,1033.8,102.21,part_load
5.459,71.776,1047.7,109.82,part_load
1.093,67.052,1099.9,152.67,high_fire
1.224,58.066,1079.1,133.1,normal
2.004,64.285,1089.6,133.1,normal
12.82,86.961,1037.4,109.21,part_load
1.754,60.944,1100.1,146.87,high_fire
9.81,88.181,1043.5,110.53,part_load
2.238,62.909,1063.9,122.83,transition
1.916,62.202,1067.5,126.16,transition
0.765,60.949,1080.2,128.78,normal
0.901,74.634,1100.0,161.72,high_fire
1.7,64.235,1078.5,128.09,normal
1.227,68.657,1100.0,155.3,high_fire
1.278,57.842,1099.9,162.9,high_fire
0.773,65.14,1100.0,158.86,high_fire
4.66,56.095,1054.7,110.23,transition
1.955,65.686,1061.5,120.76,transition
3.091,73.647,1069.5,120.02,transition
3.426,68.057,1046.8,109.04,part_load
3.35,65.793,1062.8,122.51,transition
0.878,57.006,1099.9,158.16,high_fire
12.113,100.976,1038.7,103.38,part_load
5.212,64.49,1063.8,118.17,transition
2.549,52.528,1040.6,106.62,part_load
1.84,66.488,1082.6,130.02,normal
6.111,67.688,1031.5,103.89,part_load
1.398,65.244,1100.0,148.02,high_fire
1.54,67.613,1078.8,128.0,normal
11.444,90.099,1045.4,109.2,part_load
1.408,57.686,1082.3,128.53,normal
5.802,70.521,1049.2,110.02,part_load
2.138,58.731,1069.1,121.18,transition
11.851,93.253,1049.5,115.72,part_load
0.199,46.831,1100.0,155.03,high_fire
11.187,101.179,1041.7,108.35,part_load
1.431,57.634,1077.6,134.3,normal
4.853,67.787,1047.7,110.11,part_load
6.527,99.201,1048.2,109.64,part_load
11.05,94.312,1042.0,108.46,part_load
5.869,74.722,1045.7,109.19,part_load
1.72,66.704,1099.8,145.17,high_fire
2.515,54.366,1056.6,109.03,transition
1.792,52.772,1053.9,109.44,transition
1.722,70.527,1087.8,133.72,normal
1.41,62.2,1085.8,133.12,normal
1.44,57.63,1100.0,158.83,high_fire
7.691,73.138,1031.2,103.75,part_load
1.106,49.146,1056.5,118.47,transition
3.091,53.832,1042.5,108.53,part_load
4.578,54.02,1059.3,110.63,transition
1.673,77.093,1100.0,152.3,high_fire
1.628,59.123,1085.9,133.16,normal
1.558,63.173,1081.1,131.84,normal
2.027,68.638,1091.0,133.22,normal
1.971,62.656,1077.0,127.69,normal
1.302,67.519,1099.9,158.4,high_fire
1.652,55.942,1100.1,162.67,high_fire
0.284,53.151,1097.3,154.5,high_fire
1.496,64.652,1099.9,149.42,high_fire
0.775,64.272,1100.0,152.37,high_fire
0.481,51.575,1100.0,161.11,high_fire
1.888,66.883,1091.4,133.33,normal
1.091,65.345,1100.0,146.61,high_fire
5.28,61.105,1054.8,110.67,transition
1.955,53.482,1099.8,156.86,high_fire
4.868,65.223,1044.5,108.07,part_load
5.187,75.12,1045.9,110.58,part_load
1.672,61.229,1091.4,143.33,normal
1.541,60.975,1077.2,127.68,normal
8.367,81.147,1036.8,104.39,part_load
1.202,58.294,1091.8,133.21,normal
0.892,73.217,1100.0,152.79,high_fire
4.194,67.833,1053.0,113.57,transition
1.218,71.23,1095.8,145.57,high_fire
1.316,65.644,1099.9,154.99,high_fire
4.813,71.086,1049.2,109.72,part_load
1.368,66.779,1100.1,150.75,high_fire
0.861,62.348,1085.5,133.91,normal
1.252,61.56,1100.0,155.93,high_fire
4.428,55.746,1057.2,109.39,transition
1.706,64.46,1081.4,133.86,normal
1.106,59.603,1100.1,156.44,high_fire
2.08,75.299,1090.2,132.83,normal
1.626,56.125,1048.1,112.99,part_load
1.353,55.956,1099.9,160.18,high_fire
0.013,95.458,1024.0,107.11,part_load
12.287,99.927,1037.1,108.88,part_load
1.158,61.933,1100.0,146.85,high_fire
7.236,82.909,1031.1,104.22,part_load
2.829,56.294,1100.0,158.55,high_fire
0.111,81.564,1079.6,135.53,normal
0.742,55.883,1100.0,148.87,high_fire
1.348,69.474,1098.2,146.15,high_fire
9.894,102.393,1044.6,111.08,part_load
0.591,58.583,1081.5,128.28,normal
3.112,62.129,1062.9,111.9,transition
4.632,58.901,1057.1,109.63,transition
1.876,49.362,1048.5,111.84,part_load
1.426,62.681,1100.1,148.91,high_fire
6.716,88.646,1038.0,108.91,part_load
1.498,68.51,1099.8,148.14,high_fire
8.572,76.753,1045.3,109.05,part_load
1.558,59.806,1086.3,133.72,normal
6.971,85.215,1035.3,107.95,part_load
3.185,60.918,1045.3,112.12,part_load
1.596,65.943,1084.1,134.42,normal
25.977,96.02,1013.9,102.66,part_load
1.323,66.667,1099.9,154.36,high_fire
6.898,95.314,1035.6,105.12,part_load
2.557,53.681,1041.9,107.57,part_load
1.132,58.863,1079.5,134.84,normal
9.785,90.604,1028.1,106.3,part_load
2.408,51.711,1044.9,107.81,part_load
2.302,67.962,1099.8,155.92,high_fire
12.659,94.619,1038.8,110.2,part_load
2.075,63.995,1087.0,134.35,normal
0.63,67.776,1099.9,154.45,high_fire
1.842,48.22,1044.4,109.9,part_load
1.548,66.654,1080.5,133.1,normal
5.954,66.566,1054.1,110.28,transition
1.355,61.991,1100.1,146.23,high_fire
1.703,57.658,1044.0,110.13,part_load
2.361,55.168,1056.6,119.52,transition
1.346,62.194,1082.2,130.95,normal
6.0,66.568,1058.4,118.5,transition
10.893,88.882,1025.7,103.41,part_load
5.98,77.849,1043.0,109.79,part_load
0.727,70.846,1100.0,154.74,high_fire
2.098,69.585,1062.6,121.24,transition
1.068,66.551,1100.0,153.72,high_fire
1.231,61.351,1100.0,157.46,high_fire
0.389,50.214,1099.7,166.25,high_fire
2.925,49.877,1061.3,109.78,transition
1.204,67.607,1100.0,153.19,high_fire
2.845,68.859,1100.0,150.79,high_fire
1.732,66.655,1100.0,147.7,high_fire
2.628,70.798,1083.4,132.23,normal
3.809,67.966,1059.7,116.46,transition
4.933,72.23,1047.2,108.11,part_load
4.032,58.969,1046.9,104.76,part_load
1.559,53.879,1077.7,133.45,normal
0.469,57.653,1099.9,161.47,high_fire
1.668,68.421,1099.9,160.99,high_fire
5.601,72.31,1043.6,108.0,part_load
1.914,57.348,1081.8,131.42,normal
2.112,62.805,1069.9,122.3,transition
9.012,89.774,1030.8,109.04,part_load
5.475,67.625,1047.9,110.43,part_load
5.398,58.586,1051.0,107.65,transition
0.727,58.849,1097.0,140.37,high_fire
3.435,74.464,1100.1,165.62,high_fire
1.228,62.098,1090.1,134.48,normal
4.77,56.055,1057.5,110.2,transition
0.111,53.065,1099.9,165.16,high_fire
5.088,72.591,1048.5,110.99,part_load
1.128,64.463,1099.9,151.79,high_fire
1.588,60.215,1099.9,147.08,high_fire
2.127,72.406,1073.3,123.9,transition
1.043,54.004,1074.7,130.94,transition
2.168,60.786,1082.4,131.49,normal
1.841,59.779,1080.3,130.88,normal
1.976,62.66,1077.9,129.03,normal
4.564,67.132,1066.1,120.89,transition
2.008,58.448,1071.0,120.61,transition
1.147,59.668,1100.1,153.78,high_fire
5.581,69.675,1048.7,108.97,part_load
4.362,87.097,1046.2,109.02,part_load
9.139,86.344,1047.7,112.24,part_load
3.928,63.517,1061.9,114.8,transition
17.098,82.93,1033.7,109.7,part_load
4.863,71.335,1049.2,109.6,part_load
11.05,95.406,1039.9,108.94,part_load
3.312,72.585,1048.7,111.45,part_load
1.635,65.624,1064.9,122.93,transition
0.991,71.374,1099.8,162.22,high_fire
2.3,57.967,1055.8,111.4,transition
3.074,64.725,1066.1,115.77,transition
1.859,70.952,1080.5,134.71,normal
1.513,62.203,1086.9,134.34,normal
1.108,77.435,1081.0,135.29,normal
2.334,67.822,1067.6,122.31,transition
1.287,68.022,1081.4,134.35,normal
2.116,68.474,1088.8,133.73,normal
5.395,67.37,1051.1,110.26,transition
2.371,61.716,1069.1,121.4,transition
4.573,61.539,1052.8,111.0,transition
0.927,69.122,1094.2,135.15,normal
5.294,68.898,1048.8,110.02,part_load
1.043,69.247,1094.3,134.39,normal
0.876,69.027,1099.9,145.4,high_fire
3.074,51.577,1061.3,109.62,transition
1.916,58.829,1071.3,122.51,transition
0.73,70.038,1100.0,154.95,high_fire
4.88,54.212,1036.2,104.36,part_load
8.659,84.422,1046.8,109.93,part_load
1.981,65.351,1077.9,128.17,normal
12.067,88.978,1034.7,110.19,part_load
1.487,67.108,1099.8,148.56,high_fire
0.683,62.853,1098.6,144.08,high_fire
3.412,56.893,1071.9,122.19,transition
10.635,89.597,1034.6,103.9,part_load
4.697,53.533,1057.9,110.68,transition
1.313,69.162,1077.7,134.69,normal
0.718,77.369,1100.0,155.64,high_fire
8.203,89.696,1038.5,104.28,part_load
0.808,62.667,1100.0,148.91,high_fire
1.481,79.802,1090.4,145.84,normal
5.324,62.999,1042.9,103.58,part_load
2.24,67.208,1078.9,134.31,normal
1.476,61.085,1083.7,134.02,normal
0.959,56.368,1063.0,121.66,transition
1.443,63.724,1085.9,133.56,normal
2.269,64.885,1073.3,121.45,transition
1.76,58.125,1084.9,127.88,normal
0.971,62.786,1085.8,134.14,normal
1.045,49.569,1099.9,168.54,high_fire
2.28,59.737,1071.9,123.38,transition
1.517,70.876,1100.0,158.69,high_fire
1.639,68.792,1081.1,135.28,normal
1.264,64.077,1092.4,134.09,normal
7.915,71.03,1049.8,109.7,part_load
2.02,57.044,1083.6,132.25,normal
11.549,74.749,1046.0,114.1,part_load
1.997,53.506,1079.0,134.61,normal
3.806,54.479,1056.7,108.9,transition
4.356,61.219,1054.6,111.4,transition
1.125,63.326,1100.0,148.13,high_fire
1.564,54.969,1080.7,135.93,normal
8.374,77.054,1047.5,108.72,part_load
4.26,48.846,1058.0,108.83,transition
1.799,118.613,1098.9,141.34,high_fire
1.88,82.403,1100.0,153.52,high_fire
5.569,69.764,1048.0,109.64,part_load
0.996,67.379,1098.7,157.97,high_fire
4.444,56.172,1054.3,109.01,transition
3.151,58.175,1067.1,116.16,transition
3.903,60.495,1063.6,115.1,transition
3.394,54.988,1059.1,109.18,transition
1.516,64.546,1100.0,153.88,high_fire
4.71,50.313,1058.7,109.59,transition
11.269,86.968,1042.3,110.59,part_load
1.476,70.959,1092.1,133.05,normal
10.843,107.249,1035.7,102.67,part_load
4.427,50.772,1058.6,109.48,transition
5.738,77.238,1047.5,110.6,part_load
0.925,63.428,1088.1,134.15,normal
1.86,65.136,1072.4,122.76,transition
1.593,60.458,1088.3,134.03,normal
0.867,56.719,1076.8,128.99,normal
1.963,64.707,1074.2,127.74,transition
23.758,92.747,1018.9,104.42,part_load
4.009,55.278,1059.4,109.37,transition
0.46,47.725,1099.9,165.41,high_fire
2.93,56.205,1052.8,110.89,transition
8.638,83.021,1045.5,109.8,part_load
12.538,106.17,1018.6,103.99,part_load
0.77,70.986,1100.1,156.95,high_fire
5.473,58.94,1049.1,104.02,part_load
0.32,74.067,1089.7,132.54,normal
1.402,66.915,1079.0,134.19,normal
3.421,53.494,1048.9,109.28,part_load
1.142,65.607,1088.6,133.72,normal
1.779,75.667,1092.0,134.06,normal
2.069,62.644,1087.2,131.68,normal
2.086,63.715,1071.5,123.13,transition
1.822,60.117,1077.3,128.7,normal
1.81,64.256,1081.5,133.1,normal
0.742,53.472,1099.8,159.6,high_fire
3.01,60.239,1071.2,119.07,transition
1.831,61.913,1079.1,128.58,normal
1.218,60.982,1083.3,132.21,normal
0.94,65.941,1099.9,150.91,high_fire
1.079,79.1,1100.0,155.55,high_fire
8.061,76.274,1049.8,108.12,part_load
2.5,74.563,1063.6,122.92,transition
1.0,66.362,1099.8,155.35,high_fire
1.694,63.759,1087.5,134.78,normal
2.334,71.952,1063.2,122.16,transition
7.553,88.899,1044.5,110.27,part_load
9.176,85.272,1044.0,109.38,part_load
7.972,64.616,1087.8,133.49,normal
2.05,66.863,1089.5,134.18,normal
1.502,56.005,1073.7,131.28,transition
4.567,57.451,1054.6,107.53,transition
4.971,65.081,1048.6,110.24,part_load
0.825,58.283,1086.8,133.33,normal
4.668,60.498,1062.6,114.6,transition
2.992,50.663,1051.1,106.8,transition
1.274,69.298,1088.8,132.56,normal
7.234,82.53,1040.0,109.25,part_load
2.667,51.838,1043.0,108.95,part_load
2.238,65.172,1079.5,128.18,normal
1.235,65.26,1087.5,131.85,normal
12.213,72.121,1037.4,105.03,part_load
1.444,64.278,1077.3,127.0,normal
12.208,103.853,1026.7,105.36,part_load
0.722,71.783,1100.0,151.83,high_fire
10.54,93.568,1043.7,109.59,part_load
1.337,68.861,1099.9,157.13,high_fire
5.456,77.538,1047.0,110.4,part_load
7.374,76.498,1048.4,110.62,part_load
1.528,63.217,1073.3,127.5,transition
2.185,62.289,1068.3,121.93,transition
8.578,91.233,1032.6,105.99,part_load
29.307,100.929,1006.5,100.03,part_load
2.355,65.478,1074.1,126.55,transition
1.776,62.393,1074.5,128.24,transition
5.161,67.95,1048.2,109.56,part_load
1.421,58.177,1086.0,133.35,normal
3.942,58.913,1054.4,111.05,transition
6.04,86.445,1036.7,107.67,part_load
1.359,68.311,1091.9,133.12,normal
1.387,66.611,1094.9,133.22,normal
0.878,83.334,1099.9,156.52,high_fire
0.914,66.758,1100.2,165.47,high_fire
4.569,67.784,1051.0,110.02,transition
8.335,76.016,1047.0,110.21,part_load
1.888,76.227,1085.8,134.6,normal
4.651,64.76,1056.4,110.65,transition
1.807,68.384,1099.5,145.31,high_fire
4.308,49.367,1059.2,109.97,transition
4.983,86.846,1043.7,108.8,part_load
8.681,94.38,1047.0,108.96,part_load
1.69,71.771,1090.3,134.19,normal
0.443,55.15,1100.0,148.46,high_fire
2.748,74.245,1083.8,134.23,normal
2.106,68.448,1072.2,123.92,transition
1.381,60.346,1087.8,133.62,normal
1.004,65.714,1100.1,154.49,high_fire
4.181,54.963,1056.1,110.16,transition
1.443,67.682,1099.9,152.84,high_fire
1.241,52.596,1069.8,128.15,transition
5.692,60.333,1052.7,109.08,transition
0.669,51.62,1099.9,162.96,high_fire
1.346,64.282,1082.8,133.8,normal
1.869,55.954,1077.3,127.26,normal
1.549,65.429,1099.9,162.12,high_fire
1.914,68.175,1087.4,132.84,normal
2.268,66.19,1067.6,120.47,transition
1.37,60.471,1099.9,161.27,high_fire
3.424,61.958,1043.7,110.03,part_load
1.089,61.02,1086.2,134.24,normal
3.934,65.429,1052.8,110.31,transition
1.634,59.591,1079.1,131.02,normal
1.565,65.089,1090.0,133.92,normal
2.682,58.276,1066.8,120.02,transition
1.347,74.326,1089.5,137.12,normal
1.391,62.342,1085.6,133.08,normal
2.83,57.334,1100.2,156.15,high_fire
9.3,73.575,1047.6,108.52,part_load
5.657,60.092,1037.2,101.46,part_load
3.847,52.896,1056.3,108.97,transition
1.117,60.734,1100.0,152.44,high_fire
2.918,74.559,1063.8,122.4,transition
1.26,58.43,1087.3,133.54,normal
2.11,65.502,1068.9,122.07,transition
0.038,58.637,1069.2,126.53,transition
4.44,67.389,1051.2,111.53,transition
5.738,80.097,1045.6,108.58,part_load
8.561,106.925,1039.4,102.7,part_load
7.811,81.608,1048.7,109.61,part_load
9.281,93.324,1044.3,108.95,part_load
1.585,61.378,1076.4,129.09,normal
5.801,67.633,1047.9,109.12,part_load
4.612,61.642,1057.8,110.41,transition
1.733,67.983,1091.5,133.95,normal
0.453,70.077,1092.9,133.53,normal
8.978,76.956,1049.1,113.92,part_load
1.385,64.85,1099.5,146.95,high_fire
1.676,66.282,1078.8,133.7,normal
1.231,74.876,1100.1,159.75,high_fire
1.79,70.98,1085.4,134.27,normal
1.499,68.548,1080.6,134.69,normal
3.14,51.041,1048.1,104.45,part_load
1.818,70.105,1080.4,129.2,normal
2.033,60.009,1095.5,155.34,high_fire
11.016,98.712,1042.0,109.82,part_load
4.859,69.153,1049.8,109.44,part_load
5.544,75.989,1044.8,102.53,part_load
0.888,51.466,1100.0,161.84,high_fire
4.86,63.524,1053.0,108.54,transition
3.007,59.653,1065.8,115.55,transition
5.898,75.785,1058.7,108.94,transition
1.6,60.497,1067.4,127.21,transition
2.089,75.784,1080.5,130.26,normal
1.783,52.251,1072.0,122.16,transition
1.89,65.879,1087.1,132.21,normal
13.225,121.198,1022.9,101.34,part_load
7.605,76.076,1047.2,110.72,part_load
1.472,73.817,1100.0,154.26,high_fire
1.256,62.802,1089.8,135.04,normal
1.503,65.34,1099.9,145.91,high_fire
1.319,65.845,1099.9,145.64,high_fire
1.399,62.513,1100.1,161.52,high_fire
2.315,69.65,1073.0,123.31,transition
1.408,87.648,1099.7,153.35,high_fire
2.474,50.616,1043.8,108.35,part_load
1.205,68.935,1100.0,148.83,high_fire
1.346,71.737,1100.0,146.22,high_fire
1.368,55.519,1061.6,122.73,transition
11.816,78.514,1040.1,110.59,part_load
2.017,51.58,1046.9,111.01,part_load
1.689,66.023,1078.9,132.71,normal
4.647,64.816,1051.7,109.91,transition
1.185,57.953,1081.4,134.55,normal
1.717,69.591,1089.3,134.76,normal
1.695,65.679,1076.5,128.56,normal
1.735,69.106,1079.5,127.54,normal
1.486,60.562,1075.8,127.78,normal
0.385,52.532,1099.9,168.27,high_fire
6.417,72.823,1042.1,103.47,part_load
1.65,69.941,1081.3,135.2,normal
1.103,72.431,1099.8,161.25,high_fire
2.943,67.585,1065.2,122.71,transition
5.29,80.008,1037.9,109.34,part_load
3.971,70.297,1057.4,115.35,transition
0.474,55.368,1099.9,170.53,high_fire
2.05,55.819,1100.0,159.61,high_fire
1.193,75.644,1100.0,155.18,high_fire
3.404,57.64,1050.1,109.57,transition
1.938,56.687,1078.2,128.23,normal
5.845,72.257,1047.5,109.36,part_load
0.882,65.492,1090.2,133.13,normal
1.15,63.766,1099.9,152.9,high_fire
0.594,62.998,1099.3,143.8,high_fire
1.363,55.76,1074.0,131.58,transition
17.517,78.54,1032.2,103.24,part_load
9.047,79.14,1043.3,110.28,part_load
8.454,87.275,1047.8,109.05,part_load
10.463,98.172,1042.1,109.32,part_load
10.678,99.483,1038.3,103.48,part_load
1.791,60.295,1080.2,129.76,normal
0.047,95.068,1029.2,108.18,part_load
4.541,53.86,1059.4,110.75,transition
3.814,73.124,1061.3,118.48,transition
6.049,68.059,1056.1,113.56,transition
1.559,59.639,1080.4,128.47,normal
1.766,62.721,1095.4,151.23,high_fire
4.049,51.165,1058.7,109.86,transition
10.336,87.518,1042.5,110.23,part_load
2.76,69.756,1068.3,123.74,transition
6.747,68.779,1052.3,109.19,transition
3.977,78.916,1048.7,111.63,part_load
1.258,67.381,1093.7,134.54,normal
3.344,56.111,1050.3,106.86,transition
1.872,61.974,1077.3,128.39,normal
0.544,61.259,1074.6,133.6,transition
4.851,71.398,1048.8,109.29,part_load
0.852,59.836,1099.9,158.53,high_fire
7.422,65.999,1049.1,110.95,part_load
4.952,76.977,1046.6,108.71,part_load
1.919,62.929,1066.4,122.61,transition
4.567,62.942,1052.5,110.74,transition
4.358,77.896,1055.1,116.44,transition
1.85,67.899,1077.3,128.2,normal
1.394,71.232,1090.9,133.92,normal
3.267,66.525,1084.4,134.58,normal
2.824,61.167,1100.1,158.55,high_fire
2.083,65.18,1063.4,121.11,transition
1.997,62.148,1077.9,134.67,normal
1.52,61.354,1072.4,123.03,transition
1.815,58.365,1070.4,121.74,transition
1.624,64.564,1090.3,136.6,normal
1.254,60.892,1088.7,134.27,normal
11.058,93.237,1042.0,109.08,part_load
1.917,62.678,1073.2,127.69,transition
1.063,75.045,1095.3,134.76,high_fire
1.566,73.803,1100.0,154.61,high_fire
1.146,67.11,1099.9,147.03,high_fire
0.727,54.973,1100.0,147.98,high_fire
3.537,61.358,1071.8,130.78,transition
1.054,65.755,1099.9,149.87,high_fire
1.049,78.864,1100.0,155.33,high_fire
19.318,86.202,1028.7,107.94,part_load
1.746,71.702,1093.0,143.59,normal
1.378,56.961,1077.9,133.65,normal
9.586,88.781,1041.1,109.43,part_load
1.035,63.772,1099.9,151.03,high_fire
1.088,64.711,1088.5,134.78,normal
3.194,62.717,1064.2,119.16,transition
4.143,53.46,1059.5,109.21,transition
1.504,63.194,1099.9,161.42,high_fire
4.767,60.166,1057.1,110.39,transition
1.108,62.855,1083.5,132.28,normal
0.92,68.7,1089.8,138.54,normal
5.165,69.698,1049.1,109.77,part_load
1.38,66.126,1093.6,144.01,normal
3.88,67.575,1044.0,107.47,part_load
3.336,65.935,1064.9,119.68,transition
4.893,64.26,1045.3,104.63,part_load
1.354,77.651,1099.2,146.1,high_fire
7.885,90.919,1034.4,107.35,part_load
3.18,53.735,1068.2,116.83,transition
1.964,61.83,1064.7,122.65,transition
2.164,61.115,1069.4,121.61,transition
3.409,59.145,1044.9,111.1,part_load
1.196,66.606,1100.1,151.84,high_fire
1.108,51.579,1100.0,161.02,high_fire
6.181,81.058,1041.0,108.94,part_load
7.527,82.945,1059.0,120.74,transition
10.206,91.986,1041.8,108.56,part_load
3.112,59.853,1059.9,114.78,transition
2.313,61.78,1066.7,121.12,transition
2.668,59.697,1067.4,121.1,transition
2.322,50.914,1048.6,109.11,part_load
4.737,63.692,1053.5,109.43,transition
1.222,76.494,1098.6,141.05,high_fire
8.275,75.797,1030.1,103.44,part_load
4.042,56.892,1057.9,109.04,transition
7.625,80.784,1046.7,104.87,part_load
1.259,64.121,1099.9,146.64,high_fire
2.773,63.861,1050.7,117.0,transition
0.424,52.318,1100.0,159.57,high_fire
4.385,69.886,1039.3,108.96,part_load
1.726,75.553,1067.8,126.12,transition
1.549,68.585,1085.7,134.97,normal
1.047,72.437,1100.0,162.99,high_fire
3.092,50.743,1056.4,109.12,transition
1.657,60.458,1089.6,133.07,normal
1.73,78.377,1096.5,141.69,high_fire
10.624,88.975,1046.8,109.09,part_load
4.936,69.454,1049.7,109.83,part_load
1.861,68.704,1100.0,145.91,high_fire
2.017,63.34,1063.6,121.09,transition
5.437,77.698,1046.2,109.83,part_load
8.977,82.876,1047.2,108.55,part_load
6.344,99.393,1059.2,113.53,transition
0.776,76.936,1098.6,134.8,high_fire
1.843,54.339,1079.2,134.68,normal
10.703,91.885,1038.7,109.26,part_load
4.915,74.353,1039.8,103.94,part_load
5.341,68.067,1048.8,109.99,part_load
5.739,72.852,1068.5,124.99,transition
1.432,64.781,1095.1,141.99,high_fire
1.619,63.845,1084.3,132.24,normal
1.342,70.18,1100.1,156.71,high_fire
6.23,79.324,1041.4,109.08,part_load
1.154,63.016,1076.8,134.75,normal
1.176,62.979,1098.8,145.17,high_fire
4.061,75.996,1065.5,124.31,transition
1.039,65.373,1088.7,132.52,normal
1.31,66.669,1099.9,147.12,high_fire
3.848,54.354,1058.0,109.01,transition
1.177,59.557,1076.4,133.4,normal
1.82,73.323,1099.9,152.68,high_fire
8.488,82.291,1048.5,109.09,part_load
3.145,75.278,1064.4,121.66,transition
1.86,67.096,1090.8,134.71,normal
6.514,90.482,1044.9,110.83,part_load
8.877,104.93,1042.5,110.43,part_load
6.716,68.332,1049.5,109.6,part_load
1.718,67.856,1084.5,134.45,normal
0.98,57.617,1098.7,145.61,high_fire
4.067,73.575,1058.1,114.06,transition
2.136,59.488,1062.8,122.42,transition
4.962,71.416,1048.8,109.39,part_load
1.266,69.984,1100.0,150.14,high_fire
1.815,70.922,1076.9,133.45,normal
0.111,94.689,1031.4,107.91,part_load
4.156,87.332,1061.9,124.62,transition
2.395,61.894,1080.9,136.96,normal
1.721,66.511,1083.6,129.22,normal
1.193,71.462,1092.7,134.03,normal
5.826,75.899,1053.4,109.42,transition
2.159,63.418,1072.9,123.13,transition
1.799,72.22,1100.1,163.71,high_fire
12.659,76.386,1043.6,113.22,part_load
12.68,90.839,1037.0,108.83,part_load
13.075,93.637,1018.9,103.63,part_load
1.127,61.175,1088.8,133.56,normal
7.118,108.386,1042.4,108.34,part_load
1.409,68.273,1079.4,134.8,normal
5.332,70.619,1046.8,109.74,part_load
5.996,68.04,1043.5,104.48,part_load
4.937,68.914,1044.0,108.81,part_load
5.005,51.438,1057.2,109.21,transition
1.256,54.265,1077.8,133.25,normal
7.146,89.906,1035.0,103.52,part_load
1.867,46.37,1100.0,159.35,high_fire
3.151,64.838,1062.7,122.22,transition
1.601,66.896,1086.2,132.92,normal
9.456,84.111,1048.4,116.42,part_load
1.329,66.726,1100.1,155.58,high_fire
3.136,61.65,1085.9,134.34,normal
1.35,60.321,1078.6,134.73,normal
3.032,64.685,1063.6,118.65,transition
1.339,72.94,1099.9,155.35,high_fire
2.15,64.806,1082.1,134.82,normal
1.23,66.45,1099.9,157.49,high_fire
2.616,59.979,1067.3,120.75,transition
8.278,75.761,1046.9,110.5,part_load
11.989,100.055,1037.0,110.08,part_load
0.928,60.829,1079.2,127.86,normal
1.064,54.277,1099.9,162.43,high_fire
1.897,61.592,1087.5,132.36,normal
1.125,58.948,1100.1,148.57,high_fire
0.492,68.884,1095.7,134.33,high_fire
0.929,67.324,1100.1,153.99,high_fire
4.195,77.477,1041.4,107.55,part_load
0.662,57.25,1099.8,154.1,high_fire
1.505,70.354,1072.4,130.04,transition
4.936,55.677,1055.3,108.53,transition
2.247,66.66,1084.3,132.55,normal
1.68,64.699,1100.0,168.12,high_fire
1.822,69.106,1092.5,131.03,normal
2.405,72.561,1063.1,122.02,transition
6.757,85.857,1035.9,103.14,part_load
0.864,54.544,1078.7,134.22,normal
0.969,64.065,1069.7,126.81,transition
1.654,65.23,1090.1,133.46,normal
1.338,63.796,1100.0,160.98,high_fire
1.05,66.04,1080.1,134.05,normal
7.76,73.865,1049.0,107.52,part_load
2.625,75.284,1082.4,133.18,normal
1.884,64.882,1074.6,123.74,transition
0.942,49.431,1099.9,159.52,high_fire
2.441,62.221,1068.1,122.12,transition
1.087,79.711,1100.1,155.38,high_fire
16.883,111.059,1024.9,105.52,part_load
2.861,52.611,1068.6,114.58,transition
13.05,84.01,1037.4,109.43,part_load
1.114,78.033,1099.9,154.17,high_fire
1.569,60.671,1083.5,133.45,normal
25.865,106.417,1007.9,101.26,part_load
7.336,95.879,1047.0,109.18,part_load
1.89,66.543,1084.8,134.96,normal
5.993,63.695,1051.6,108.33,transition
13.427,96.771,1038.9,108.71,part_load
10.101,103.418,1042.1,110.19,part_load
5.706,65.254,1044.8,108.67,part_load
10.114,85.142,1039.3,109.51,part_load
1.33,67.935,1100.0,148.91,high_fire
11.238,86.792,1040.2,109.23,part_load
1.197,66.998,1099.8,151.51,high_fire
7.605,70.586,1048.8,108.42,part_load
4.611,56.733,1052.9,107.74,transition
7.374,69.276,1048.4,107.98,part_load
1.377,65.06,1099.7,144.38,high_fire
9.441,89.247,1048.4,109.15,part_load
1.931,63.284,1077.2,129.1,normal
3.718,46.113,1059.4,109.99,transition
1.169,63.929,1099.9,148.63,high_fire
1.652,68.214,1080.2,134.39,normal
8.862,102.455,1041.6,111.27,part_load
1.828,71.097,1081.0,133.77,normal
1.346,62.49,1099.9,147.81,high_fire
5.398,63.701,1047.1,108.12,part_load
10.403,77.372,1046.1,111.97,part_load
2.306,71.802,1064.5,123.43,transition
2.152,57.778,1074.1,125.03,transition
1.318,64.162,1091.7,134.16,normal
4.602,70.428,1051.8,111.08,transition
4.685,71.461,1041.7,107.97,part_load
1.447,71.629,1099.9,152.47,high_fire
5.467,71.235,1047.9,110.01,part_load
2.532,91.719,1100.0,152.92,high_fire
2.345,53.298,1065.2,115.25,transition
0.939,69.206,1100.0,155.3,high_fire
0.897,60.036,1078.2,134.31,normal
0.934,60.407,1080.7,128.92,normal
2.055,50.286,1057.3,107.21,transition
1.669,61.887,1100.1,145.99,high_fire
1.896,68.153,1084.8,130.04,normal
1.648,59.979,1084.1,132.79,normal
2.928,66.837,1062.5,119.55,transition
2.872,65.578,1063.6,120.05,transition
6.448,83.126,1056.3,112.22,transition
4.6,56.009,1054.6,109.25,transition
2.22,61.149,1074.2,127.04,transition
0.722,53.216,1100.0,168.25,high_fire
3.636,65.128,1044.3,108.24,part_load
1.335,55.724,1077.9,134.54,normal
2.198,67.271,1099.8,144.7,high_fire
2.236,73.765,1090.5,134.52,normal
4.308,68.801,1049.8,110.12,part_load
10.936,83.55,1043.0,109.36,part_load
1.146,69.5,1093.9,134.32,normal
9.733,92.07,1045.5,109.3,part_load
3.008,56.247,1065.2,114.09,transition
4.592,79.051,1040.7,107.5,part_load
1.631,69.989,1082.2,134.17,normal
9.678,103.622,1041.5,101.66,part_load
1.558,59.451,1085.5,131.61,normal
2.103,66.783,1090.1,134.86,normal
3.174,70.041,1068.2,120.27,transition
1.44,62.412,1085.1,135.61,normal
1.23,64.296,1094.5,133.63,normal
2.235,62.257,1085.6,134.92,normal
6.865,72.763,1048.0,110.14,part_load
2.027,73.777,1100.0,144.71,high_fire
0.637,59.09,1100.1,148.5,high_fire
3.632,50.882,1046.9,103.63,part_load
4.661,68.805,1053.0,115.7,transition
1.284,66.034,1085.9,136.77,normal
0.356,58.668,1100.0,150.93,high_fire
2.215,71.998,1084.2,134.85,normal
0.729,60.782,1099.8,155.96,high_fire
1.291,64.428,1100.1,152.48,high_fire
7.578,77.753,1040.1,103.4,part_load
4.16,80.749,1070.3,121.02,transition
21.538,89.475,1023.8,106.18,part_load
7.774,62.509,1087.7,132.58,normal
3.43,58.364,1065.3,119.84,transition
0.795,64.42,1086.9,140.73,normal
14.475,103.727,1031.2,109.62,part_load
9.794,77.665,1032.2,108.52,part_load
7.991,86.897,1049.3,109.79,part_load
8.993,90.905,1044.0,109.96,part_load
0.979,59.986,1089.2,133.82,normal
0.291,54.964,1099.9,157.05,high_fire
2.254,54.83,1044.1,109.88,part_load
2.533,74.729,1063.9,122.85,transition
15.23,102.061,1029.7,101.88,part_load
3.502,56.668,1038.3,109.89,part_load
5.647,76.307,1045.4,109.21,part_load
8.566,84.611,1042.8,109.84,part_load
2.938,63.668,1042.6,102.57,part_load
4.016,67.903,1043.0,106.64,part_load
0.857,56.972,1077.1,128.81,normal
1.98,65.563,1087.8,132.38,normal
1.829,59.739,1078.5,134.59,normal
4.37,67.905,1054.8,108.79,transition
4.774,69.154,1047.8,110.08,part_load
1.977,61.424,1074.8,126.7,transition
5.636,79.162,1044.3,113.79,part_load
10.318,100.967,1040.4,109.21,part_load
26.026,81.772,1023.5,102.48,part_load
1.726,59.278,1100.0,158.8,high_fire
1.818,72.576,1100.0,152.69,high_fire
9.341,97.2,1044.0,109.04,part_load
0.801,70.495,1100.1,163.22,high_fire
2.479,64.933,1068.3,121.81,transition
1.865,61.425,1079.0,130.87,normal
4.054,62.401,1053.6,110.65,transition
1.262,62.191,1087.2,134.54,normal
1.586,66.653,1093.9,132.4,normal
7.039,84.979,1037.7,108.13,part_load
5.408,73.087,1045.7,108.39,part_load
0.576,49.481,1100.0,163.54,high_fire
1.238,62.207,1076.6,134.76,normal
1.27,58.864,1087.7,134.16,normal
1.876,74.989,1100.2,146.47,high_fire
1.443,69.106,1089.4,129.76,normal
1.36,72.903,1100.0,152.78,high_fire
2.531,67.76,1064.6,118.11,transition
0.164,53.595,1099.9,157.05,high_fire
0.831,58.633,1080.5,134.47,normal
2.763,61.715,1043.1,110.48,part_load
1.489,67.496,1094.1,134.31,normal
6.777,88.255,1036.0,108.03,part_load
2.571,62.009,1067.1,121.32,transition
3.113,63.823,1065.2,120.24,transition
3.594,66.068,1049.0,108.82,part_load
1.386,67.11,1085.4,134.01,normal
1.58,57.428,1099.9,160.21,high_fire
3.28,61.182,1057.1,109.16,transition
1.202,74.394,1099.9,154.92,high_fire
0.947,72.695,1100.0,152.3,high_fire
2.65,66.2,1085.5,134.95,normal
1.209,53.288,1100.1,156.35,high_fire
10.409,89.162,1046.9,109.18,part_load
0.732,59.932,1079.2,128.66,normal
1.182,59.733,1086.3,133.91,normal
6.731,83.167,1038.1,107.24,part_load
1.234,53.14,1100.1,162.54,high_fire
4.401,59.152,1062.1,113.37,transition
1.217,70.593,1099.8,154.81,high_fire
1.426,67.317,1096.0,134.31,high_fire
1.947,54.346,1099.9,160.05,high_fire
4.488,54.503,1056.9,110.22,transition
0.988,57.742,1100.1,152.65,high_fire
2.65,53.809,1045.5,109.4,part_load
2.24,54.504,1099.7,157.73,high_fire
2.658,53.316,1063.4,122.51,transition
1.129,65.949,1100.1,146.14,high_fire
2.89,64.677,1066.3,120.83,transition
1.023,63.549,1100.0,148.29,high_fire
3.585,66.925,1043.6,108.87,part_load
1.369,55.538,1077.0,134.08,normal
4.229,69.297,1040.2,109.21,part_load
2.136,64.249,1084.7,132.78,normal
2.227,57.831,1049.5,116.77,part_load
3.201,63.439,1048.3,110.32,part_load
3.401,58.396,1059.4,109.34,transition
4.223,56.736,1058.6,110.01,transition
3.672,67.47,1045.9,109.08,part_load
2.81,55.638,1044.9,109.08,part_load
3.22,58.873,1051.6,111.04,transition
1.308,67.304,1100.0,152.15,high_fire
1.498,69.304,1082.7,134.16,normal
2.854,56.604,1057.8,112.13,transition
1.281,62.419,1086.8,134.16,normal
2.345,51.231,1048.8,110.75,part_load
3.492,54.237,1047.4,105.27,part_load
10.843,103.241,1039.7,109.9,part_load
5.727,65.065,1047.2,109.63,part_load
1.818,63.553,1071.6,121.74,transition
4.106,56.327,1057.2,110.19,transition
2.366,65.983,1083.8,127.51,normal
1.053,66.93,1099.9,154.86,high_fire
7.761,84.722,1036.8,107.94,part_load
11.616,92.187,1043.9,109.25,part_load
1.56,68.142,1089.9,134.23,normal
2.613,55.822,1100.3,158.71,high_fire
2.335,70.705,1060.5,120.53,transition
1.061,62.883,1100.1,161.42,high_fire
4.321,84.943,1048.0,111.55,part_load
1.25,59.738,1100.0,151.4,high_fire
0.983,58.798,1086.9,134.11,normal
8.397,54.731,1056.6,109.87,transition
1.56,58.528,1087.1,135.11,normal
1.648,64.992,1083.6,135.52,normal
2.685,57.086,1043.5,110.48,part_load
3.513,65.48,1064.3,122.53,transition
1.607,67.981,1099.9,152.95,high_fire
8.151,77.703,1039.9,103.99,part_load
10.247,89.966,1044.9,108.78,part_load
1.308,48.918,1060.1,120.94,transition
26.752,74.679,1017.2,104.33,part_load
4.832,71.856,1038.3,108.9,part_load
1.087,59.92,1088.2,133.86,normal
5.682,65.889,1047.8,110.18,part_load
10.159,81.331,1036.8,108.45,part_load
1.116,60.213,1098.9,148.13,high_fire
0.229,54.523,1100.0,157.05,high_fire
3.082,64.439,1064.0,118.99,transition
1.536,60.868,1087.3,133.59,normal
9.823,91.116,1043.5,110.09,part_load
1.732,65.456,1100.0,156.26,high_fire
0.258,50.294,1099.7,156.25,high_fire
4.004,67.694,1067.8,118.34,transition
3.423,53.494,1076.6,126.64,normal
2.756,62.518,1072.7,121.27,transition
11.928,98.132,1030.9,103.75,part_load
9.861,82.73,1043.5,109.38,part_load
1.736,57.675,1100.0,161.15,high_fire
2.291,67.469,1064.3,122.38,transition
34.82,67.266,1002.9,107.18,part_load
2.835,69.192,1066.4,121.58,transition
3.591,59.997,1046.8,104.13,part_load
1.893,68.302,1086.4,134.97,normal
1.262,101.588,1099.8,144.32,high_fire
5.786,71.794,1040.2,104.1,part_load
2.62,59.258,1065.9,120.32,transition
4.092,64.689,1043.7,107.5,part_load
1.618,65.908,1100.0,148.61,high_fire
1.205,72.652,1099.8,153.5,high_fire
1.007,78.171,1100.0,158.56,high_fire
2.65,59.058,1066.4,120.37,transition
1.256,64.03,1099.9,150.3,high_fire
1.439,68.673,1099.9,149.28,high_fire
1.111,66.73,1100.0,146.43,high_fire
3.024,59.348,1077.3,124.17,normal
2.804,77.993,1079.8,127.52,normal
2.234,62.246,1073.8,127.11,transition
5.888,78.064,1045.9,109.4,part_load
7.773,78.291,1049.2,109.52,part_load
1.32,65.309,1088.1,134.33,normal
1.099,56.616,1075.0,127.66,normal
8.904,91.016,1046.6,109.36,part_load
3.459,64.124,1046.4,108.65,part_load
1.632,68.631,1098.7,143.1,high_fire
2.746,58.267,1066.7,120.42,transition
7.354,108.647,1042.0,108.42,part_load
9.86,90.109,1037.9,105.51,part_load
2.018,58.617,1100.0,158.45,high_fire
6.773,83.447,1043.0,112.24,part_load
5.502,88.789,1053.4,111.17,transition
3.511,53.624,1059.9,109.57,transition
1.238,67.094,1099.9,159.67,high_fire
1.242,64.56,1100.0,154.89,high_fire
1.858,69.311,1078.7,133.58,normal
8.923,81.969,1037.1,102.21,part_load
13.694,99.629,1038.0,109.0,part_load
1.473,64.606,1092.2,134.03,normal
1.359,62.305,1099.9,157.63,high_fire
1.042,58.827,1088.3,136.3,normal
7.225,72.124,1052.9,109.85,transition
0.254,38.48,1099.8,158.18,high_fire
6.14,66.581,1053.2,110.87,transition
1.773,54.778,1079.9,130.28,normal
3.657,72.629,1071.2,123.05,transition
12.6,76.109,1047.5,108.7,part_load
2.886,65.289,1064.7,119.48,transition
3.418,64.854,1062.7,122.18,transition
8.8,85.992,1046.5,109.08,part_load
1.347,69.947,1095.4,134.57,high_fire
0.593,55.516,1100.1,165.92,high_fire
3.192,66.957,1066.5,123.22,transition
7.234,74.787,1042.8,105.18,part_load
1.312,63.533,1100.1,157.67,high_fire
1.706,64.173,1072.2,126.69,transition
5.217,68.029,1049.8,109.53,part_load
2.464,50.137,1099.9,158.3,high_fire
1.519,79.01,1100.0,149.87,high_fire
1.356,63.15,1084.3,134.24,normal
2.283,62.116,1085.3,134.42,normal
2.08,49.638,1064.7,115.66,transition
13.199,106.624,1025.2,104.97,part_load
1.33,66.988,1097.6,153.49,high_fire
0.086,83.492,1077.9,133.93,normal
10.698,100.338,1043.0,109.43,part_load
3.389,85.087,1090.7,134.84,normal
8.458,87.037,1049.6,109.65,part_load
2.052,63.518,1064.2,121.42,transition
1.239,60.241,1088.9,134.4,normal
1.614,66.915,1083.0,134.71,normal
0.761,69.849,1094.6,134.63,normal
2.322,61.205,1049.7,112.08,part_load
9.077,91.589,1033.2,110.61,part_load
1.067,58.963,1100.1,162.18,high_fire
1.881,56.097,1079.2,127.22,normal
1.543,67.535,1087.8,134.0,normal
2.364,53.214,1067.5,126.26,transition
1.865,67.974,1079.3,127.89,normal
3.114,63.395,1049.5,110.92,part_load
5.888,71.506,1043.6,108.61,part_load
1.584,62.256,1089.7,134.45,normal
8.198,78.433,1047.2,108.66,part_load
1.146,71.306,1095.5,134.47,high_fire
12.644,106.099,1040.4,110.66,part_load
1.692,64.605,1082.0,133.78,normal
0.805,62.877,1099.9,154.6,high_fire
7.409,82.661,1051.5,109.07,transition
1.515,54.856,1100.1,171.12,high_fire
6.627,71.163,1049.4,103.46,part_load
1.996,67.912,1091.1,134.12,normal
3.29,54.729,1061.7,110.13,transition
3.326,57.474,1063.6,115.72,transition
2.195,56.652,1059.3,109.61,transition
3.618,80.074,1083.6,132.79,normal
0.613,56.703,1100.1,159.1,high_fire
1.176,59.739,1076.5,134.6,normal
5.617,57.915,1054.0,108.52,transition
2.838,60.465,1076.7,127.47,normal
5.44,67.389,1054.4,110.02,transition
3.611,66.938,1044.6,108.61,part_load
11.949,96.102,1031.5,103.57,part_load
3.672,50.523,1056.0,107.48,transition
1.968,85.962,1089.8,133.69,normal
8.494,85.902,1050.3,109.7,transition
1.587,55.059,1100.0,163.13,high_fire
1.809,66.821,1080.4,128.02,normal
4.973,52.155,1056.1,110.27,transition
7.277,91.79,1036.4,107.52,part_load
2.412,74.734,1088.2,134.06,normal
4.116,64.085,1054.4,110.76,transition
0.959,50.659,1100.0,162.1,high_fire
3.551,52.99,1056.5,108.83,transition
1.188,59.231,1098.8,154.75,high_fire
1.496,56.087,1083.9,133.29,normal
1.662,69.476,1094.0,133.81,normal
1.872,61.831,1078.2,127.52,normal
11.218,105.268,1033.5,101.62,part_load
12.172,89.646,1041.2,109.36,part_load
8.533,90.522,1044.1,109.61,part_load
1.8,65.929,1083.5,132.02,normal
5.348,56.248,1052.7,108.87,transition
5.118,63.291,1054.5,109.49,transition
4.881,63.282,1043.2,104.49,part_load
6.418,80.66,1039.6,108.75,part_load
1.497,69.196,1099.8,146.37,high_fire
4.79,62.81,1047.8,109.75,part_load
2.562,72.893,1063.8,122.56,transition
1.576,64.682,1100.1,146.83,high_fire
4.372,62.618,1071.3,120.9,transition
0.952,72.826,1100.0,150.86,high_fire
4.106,66.315,1043.5,106.84,part_load
5.448,72.267,1049.1,110.81,part_load
11.116,88.617,1043.9,110.48,part_load
5.835,63.697,1048.6,104.61,part_load
5.996,92.196,1044.0,109.51,part_load
5.499,79.388,1036.7,109.67,part_load
1.62,68.937,1081.6,133.56,normal
5.038,62.007,1033.5,109.15,part_load
3.825,67.157,1045.8,108.63,part_load
1.7,83.922,1095.0,133.59,high_fire
3.918,61.655,1052.8,110.3,transition
14.219,99.288,1034.1,109.92,part_load
0.8,58.607,1077.2,133.43,normal
1.451,66.501,1086.1,135.65,normal
1.325,69.629,1079.6,127.75,normal
2.797,69.283,1063.9,119.61,transition
1.065,53.274,1073.2,128.95,transition
1.231,56.262,1077.9,133.99,normal
3.599,57.268,1059.0,109.08,transition
0.282,52.099,1099.9,150.07,high_fire
8.79,99.384,1030.2,104.73,part_load
1.038,72.739,1099.9,143.42,high_fire
7.434,68.461,1051.1,109.13,transition
2.285,61.174,1086.2,129.62,normal
2.644,56.991,1100.0,157.23,high_fire
1.817,62.098,1080.2,128.14,normal
1.086,65.043,1063.5,122.57,transition
3.69,52.879,1058.3,110.35,transition
25.431,86.441,1020.8,109.55,part_load
9.419,86.497,1033.0,100.22,part_load
2.036,51.272,1045.1,110.29,part_load
2.1,79.045,1042.6,110.31,part_load
7.458,66.797,1039.1,108.99,part_load
1.251,59.762,1071.6,129.91,transition
1.398,60.01,1086.8,133.77,normal
3.134,61.742,1055.9,109.28,transition
1.16,65.006,1099.9,153.93,high_fire
0.163,50.97,1099.8,161.7,high_fire
1.291,68.073,1088.7,133.9,normal
1.605,64.552,1081.3,128.54,normal
12.587,89.472,1041.2,109.05,part_load
1.337,60.372,1087.3,135.7,normal
7.001,76.83,1052.7,110.05,transition
1.958,72.875,1079.9,127.29,normal
6.473,86.555,1036.8,107.78,part_load
2.526,83.932,1088.1,133.87,normal
10.559,102.131,1041.5,109.25,part_load
1.083,65.333,1100.0,153.55,high_fire
0.603,67.022,1093.3,133.82,normal
2.156,62.05,1072.4,122.51,transition
4.321,72.396,1058.1,116.36,transition
1.212,56.886,1085.7,132.73,normal
1.152,81.391,1099.9,153.98,high_fire
7.327,69.145,1049.5,109.69,part_load
11.744,101.167,1037.0,112.36,part_load
2.673,59.334,1068.3,120.07,transition
4.41,55.86,1056.2,109.44,transition
1.802,60.228,1064.8,117.18,transition
3.857,61.227,1056.1,109.73,transition
0.83,70.269,1099.9,153.78,high_fire
1.561,69.216,1083.5,135.47,normal
2.043,60.899,1071.3,120.65,transition
13.798,101.477,1035.4,109.74,part_load
1.13,54.393,1045.9,111.74,part_load
1.412,71.984,1100.0,152.81,high_fire
2.335,53.317,1052.7,116.1,transition
3.794,64.452,1067.6,118.85,transition
1.988,68.833,1079.6,127.91,normal
5.237,62.806,1053.5,108.89,transition
1.141,72.484,1100.2,154.8,high_fire
4.157,58.985,1053.1,108.38,transition
4.77,52.815,1057.1,109.01,transition
1.257,78.816,1095.3,132.71,high_fire
0.77,52.714,1073.1,131.48,transition
9.518,82.452,1046.4,110.0,part_load
12.734,103.508,1037.1,109.26,part_load
1.963,66.462,1099.1,144.27,high_fire
1.902,66.845,1079.0,127.59,normal
1.252,65.524,1100.0,151.98,high_fire
1.867,64.64,1075.1,128.44,normal
4.004,77.017,1060.9,120.24,transition
1.702,67.833,1092.5,134.0,normal
1.314,70.649,1089.4,134.17,normal
2.296,55.15,1099.9,162.0,high_fire
9.595,80.438,1046.9,107.82,part_load
1.127,66.622,1078.0,133.9,normal
1.03,62.919,1092.9,133.98,normal
1.389,80.042,1094.3,133.93,normal
3.876,61.966,1069.5,118.42,transition
3.34,68.896,1066.5,121.27,transition
2.199,67.757,1090.0,134.16,normal
2.224,67.016,1085.3,150.56,normal
5.354,71.088,1047.6,109.57,part_load
1.715,59.047,1088.2,134.37,normal
6.062,71.097,1048.3,110.08,part_load
0.734,55.409,1100.0,148.7,high_fire
1.194,58.785,1086.6,134.47,normal
1.532,75.942,1096.8,139.62,high_fire
4.94,53.693,1057.7,109.55,transition
5.31,65.463,1057.3,110.3,transition
1.194,67.3,1100.1,151.76,high_fire
1.628,67.335,1081.8,134.24,normal
8.599,91.256,1045.9,109.94,part_load
4.394,74.225,1067.2,118.21,transition
8.311,87.515,1045.5,102.55,part_load
1.26,63.282,1087.8,133.64,normal
4.653,63.984,1050.2,111.36,transition
3.483,57.612,1049.6,109.29,part_load
1.335,69.275,1091.0,140.69,normal
1.807,86.822,1089.6,134.29,normal
0.798,63.947,1100.0,148.31,high_fire
2.237,65.428,1061.4,119.81,transition
24.613,81.095,1024.6,103.51,part_load
5.993,63.756,1049.6,109.33,part_load
3.573,68.248,1056.1,113.46,transition
1.357,65.975,1100.2,146.25,high_fire
1.199,53.331,1100.0,162.28,high_fire
1.22,59.74,1086.1,133.48,normal
13.621,99.854,1038.4,108.53,part_load
4.063,71.236,1062.4,122.37,transition
0.169,69.417,1099.2,150.84,high_fire
2.239,76.159,1076.6,132.94,normal
4.865,58.337,1057.7,110.14,transition
6.735,68.716,1053.0,109.29,transition
2.498,73.255,1089.7,133.17,normal
7.8,84.461,1048.2,109.82,part_load
5.66,69.792,1046.3,108.45,part_load
11.839,94.514,1037.9,110.43,part_load
9.38,90.967,1031.6,108.88,part_load
1.456,66.167,1099.2,148.9,high_fire
2.074,57.845,1064.8,123.22,transition
1.88,61.203,1077.4,128.06,normal
1.79,67.545,1073.0,126.87,transition
4.937,60.44,1055.4,109.3,transition
1.976,66.458,1063.9,121.7,transition
0.993,57.292,1077.5,134.01,normal
1.771,65.319,1086.5,132.85,normal
1.352,66.246,1100.0,151.63,high_fire
11.145,95.676,1042.7,108.36,part_load
6.062,63.248,1052.0,106.02,transition
2.788,55.085,1055.7,112.57,transition
1.467,62.247,1099.8,151.39,high_fire
5.247,68.267,1055.4,110.58,transition
1.344,67.285,1100.1,148.76,high_fire
4.232,59.32,1059.4,112.58,transition
1.138,70.528,1095.7,134.88,high_fire
1.334,65.502,1099.8,145.53,high_fire
1.564,63.208,1099.9,148.48,high_fire
5.818,76.367,1049.1,105.42,part_load
0.041,90.826,1044.2,109.57,part_load
1.802,66.195,1084.1,134.2,normal
1.667,56.936,1085.6,132.99,normal
2.963,73.348,1066.7,123.41,transition
3.86,60.61,1052.8,110.17,transition
4.325,65.525,1051.8,110.19,transition
1.078,70.762,1100.0,156.15,high_fire
8.034,77.279,1048.6,108.72,part_load
1.55,61.536,1100.0,146.74,high_fire
1.816,67.257,1099.9,145.58,high_fire
1.712,65.675,1081.3,134.54,normal
1.306,61.474,1084.6,133.9,normal
8.906,94.323,1037.8,107.17,part_load
1.622,65.439,1078.8,132.94,normal
2.693,59.758,1046.1,108.7,part_load
1.304,76.337,1100.0,160.38,high_fire
13.639,96.795,1036.6,110.08,part_load
3.126,51.42,1068.0,115.98,transition
1.991,102.595,1099.8,146.06,high_fire
0.811,53.943,1060.7,120.61,transition
2.143,63.136,1064.4,122.2,transition
2.749,59.534,1066.2,120.35,transition
11.556,99.274,1043.7,109.34,part_load
1.534,64.186,1082.2,134.48,normal
8.808,80.744,1043.4,110.31,part_load
1.878,78.407,1091.9,138.88,normal
1.858,64.463,1073.9,126.46,transition
1.035,66.548,1095.1,134.93,high_fire
2.065,48.58,1048.4,108.78,part_load
4.205,70.185,1049.7,108.7,part_load
6.673,82.132,1040.5,108.16,part_load
1.261,55.486,1077.2,133.68,normal
1.995,65.03,1074.9,124.06,transition
9.963,84.821,1025.2,105.31,part_load
0.807,71.479,1097.5,145.78,high_fire
5.501,67.492,1045.9,106.27,part_load
8.355,68.163,1051.2,109.49,transition
2.894,61.871,1067.5,120.51,transition
3.844,66.054,1053.5,110.41,transition
3.338,70.158,1063.5,119.01,transition
10.731,100.56,1037.2,102.45,part_load
5.412,67.354,1038.9,109.22,part_load
2.662,59.658,1072.3,120.46,transition
1.5,60.301,1079.6,135.32,normal
1.509,68.755,1100.1,149.26,high_fire
8.407,87.529,1056.6,120.74,transition
1.838,54.959,1100.1,164.22,high_fire
0.557,71.359,1099.9,162.88,high_fire
1.137,68.127,1096.5,142.38,high_fire
1.151,80.347,1100.0,155.28,high_fire
3.986,65.966,1064.2,119.31,transition
1.516,63.427,1100.0,145.94,high_fire
1.911,57.942,1071.8,123.06,transition
2.069,65.469,1082.0,129.8,normal
5.791,65.777,1066.8,120.57,transition
1.025,50.547,1099.9,162.13,high_fire
1.846,67.519,1069.8,119.94,transition
1.297,55.289,1100.0,171.72,high_fire
5.406,62.834,1048.6,109.33,part_load
8.77,94.46,1045.9,112.62,part_load
2.912,64.328,1066.4,121.43,transition
4.773,74.798,1065.0,118.85,transition
1.423,62.189,1090.9,132.41,normal
1.158,70.971,1099.9,152.14,high_fire
1.417,62.119,1099.9,150.54,high_fire
8.024,82.225,1048.3,102.9,part_load
7.73,83.23,1048.8,105.61,part_load
1.673,65.049,1100.0,149.26,high_fire
8.233,95.075,1034.4,105.49,part_load
19.703,98.123,1016.7,103.2,part_load
6.083,85.778,1038.3,108.82,part_load
6.408,76.595,1051.7,108.13,transition
2.74,83.612,1084.7,129.09,normal
10.505,91.93,1024.4,104.76,part_load
2.11,64.957,1072.0,131.16,transition
3.806,55.856,1060.1,109.63,transition
8.251,83.716,1047.5,110.98,part_load
2.562,66.572,1083.0,133.78,normal
5.926,55.217,1053.9,107.27,transition
15.989,81.293,1036.1,110.58,part_load
3.863,67.756,1044.6,107.6,part_load
3.728,68.834,1057.2,114.66,transition
1.763,78.411,1100.1,152.57,high_fire
1.41,69.693,1093.4,133.86,normal
1.212,56.571,1080.5,135.15,normal
2.536,73.896,1063.4,122.11,transition
2.396,66.137,1099.6,144.26,high_fire
9.086,92.09,1048.9,109.79,part_load
1.266,59.598,1079.2,133.78,normal
5.298,67.989,1048.9,108.81,part_load
5.092,59.407,1049.2,108.75,part_load
11.016,95.447,1039.9,109.23,part_load
8.774,73.497,1028.9,103.07,part_load
1.211,65.112,1099.9,147.29,high_fire
1.311,59.968,1088.6,134.52,normal
3.858,70.398,1057.7,116.38,transition
8.761,97.29,1035.6,105.65,part_load
5.201,71.102,1048.8,109.27,part_load
7.936,88.223,1050.3,108.45,transition
10.935,88.463,1042.0,108.29,part_load
1.004,64.989,1099.8,145.84,high_fire
9.929,91.083,1043.5,107.7,part_load
1.124,76.754,1096.1,151.14,high_fire
4.654,64.786,1052.1,110.18,transition
7.684,78.503,1056.6,117.47,transition
0.111,85.035,1075.5,132.36,normal
7.091,101.928,1053.8,111.64,transition
5.622,58.249,1052.9,109.69,transition
2.044,48.454,1049.1,109.96,part_load
2.322,55.135,1099.8,162.16,high_fire
0.723,65.232,1099.4,146.49,high_fire
1.25,66.849,1087.4,134.19,normal
11.327,106.066,1023.3,104.58,part_load
10.861,87.186,1041.8,108.28,part_load
2.703,58.586,1062.5,116.25,transition
0.918,54.088,1100.0,159.27,high_fire
0.919,55.514,1100.0,158.48,high_fire
3.093,58.928,1060.2,109.19,transition
1.611,65.525,1079.6,134.11,normal
6.727,73.859,1049.7,105.27,part_load
1.177,60.476,1085.2,133.76,normal
3.601,66.049,1045.1,108.84,part_load
1.407,64.457,1099.9,154.15,high_fire
10.439,73.113,1048.5,114.98,part_load
12.567,105.093,1019.8,104.11,part_load
5.657,64.626,1053.2,107.52,transition
3.006,64.14,1064.6,122.74,transition
2.571,64.704,1088.9,133.75,normal
1.871,66.094,1078.3,128.81,normal
0.995,59.806,1085.9,134.53,normal
1.276,66.068,1092.3,134.38,normal
6.922,81.782,1039.8,109.41,part_load
1.774,80.511,1100.1,158.05,high_fire
3.066,61.882,1066.8,120.22,transition
2.404,60.955,1059.4,120.14,transition
1.508,52.883,1099.9,158.05,high_fire
2.222,64.724,1081.7,128.16,normal
5.389,56.044,1054.3,107.93,transition
1.274,55.919,1100.0,170.0,high_fire
7.307,109.701,1044.7,110.78,part_load
3.43,52.687,1047.9,103.42,part_load
1.253,71.248,1095.2,135.28,high_fire
11.898,95.771,1045.2,114.99,part_load
0.798,68.044,1100.0,150.84,high_fire
1.381,73.336,1094.6,134.33,normal
2.59,58.204,1068.0,121.01,transition
5.186,66.935,1047.0,109.74,part_load
2.248,66.126,1067.7,121.42,transition
1.291,56.229,1079.6,132.84,normal
5.275,77.034,1046.5,109.03,part_load
5.864,90.556,1050.4,117.62,transition
5.158,85.811,1044.5,109.53,part_load
6.43,68.215,1049.0,105.12,part_load
10.664,101.439,1037.5,108.38,part_load
1.003,68.036,1099.9,146.51,high_fire
2.485,58.734,1068.1,120.72,transition
1.165,58.158,1087.7,132.84,normal
0.799,60.96,1088.4,135.58,normal
1.812,67.524,1087.6,134.81,normal
1.813,61.449,1086.8,134.15,normal
1.156,66.5,1099.2,150.66,high_fire
9.058,61.915,1072.9,122.25,transition
2.992,60.574,1066.2,119.87,transition
0.773,53.975,1079.5,135.55,normal
3.644,56.068,1046.1,113.46,part_load
5.539,68.011,1047.7,109.37,part_load
2.068,60.244,1077.0,128.5,normal
11.065,96.497,1040.5,108.66,part_load
2.216,67.782,1090.9,134.9,normal
1.01,50.123,1068.5,126.9,transition
5.1,71.757,1048.3,109.08,part_load
1.995,71.682,1077.6,134.24,normal
0.798,58.22,1087.0,133.25,normal
8.659,101.697,1045.9,111.21,part_load
1.304,58.198,1100.0,153.35,high_fire
1.281,61.668,1099.9,148.78,high_fire
2.689,53.519,1040.9,106.91,part_load
1.766,61.755,1089.5,132.71,normal
1.3,55.261,1073.8,131.35,transition
5.387,71.661,1047.0,109.26,part_load
2.56,68.038,1066.1,121.91,transition
3.346,76.602,1066.2,126.59,transition
1.43,63.643,1076.9,134.29,normal
1.479,69.216,1100.0,155.87,high_fire
14.235,97.78,1032.4,110.24,part_load
0.976,65.003,1099.9,152.69,high_fire
1.136,65.781,1099.8,145.12,high_fire
5.565,91.946,1043.6,108.1,part_load
9.23,78.981,1048.0,108.04,part_load
5.057,62.577,1052.8,108.19,transition
5.85,78.814,1042.5,109.18,part_load
1.519,69.788,1083.2,134.62,normal
0.708,61.15,1100.0,150.08,high_fire
0.912,58.782,1075.4,127.87,normal
4.384,64.144,1061.1,115.44,transition
3.623,55.195,1041.2,109.66,part_load
1.314,58.983,1088.5,133.93,normal
1.392,86.104,1100.0,155.84,high_fire
1.171,76.312,1099.9,160.59,high_fire
1.085,65.844,1100.1,145.62,high_fire
10.201,88.136,1048.0,109.68,part_load
2.476,64.494,1083.7,132.78,normal
1.151,67.911,1100.0,155.8,high_fire
6.894,85.6,1048.7,111.37,part_load
1.236,69.023,1099.3,146.43,high_fire
1.303,57.035,1087.9,134.03,normal
1.6,60.617,1087.9,133.54,normal
2.693,59.106,1063.0,114.82,transition
1.309,55.09,1073.7,131.11,transition
1.128,61.501,1078.9,134.62,normal
1.351,71.558,1082.0,135.45,normal
4.016,65.425,1060.0,114.2,transition
8.158,78.549,1048.9,110.55,part_load
7.077,73.431,1052.0,109.92,transition
1.382,66.606,1100.1,159.71,high_fire
2.31,102.993,1098.7,152.4,high_fire
1.133,60.235,1076.6,134.44,normal
6.949,105.178,1041.2,108.58,part_load
0.976,42.788,1100.0,152.36,high_fire
1.133,56.803,1076.3,132.98,normal
0.69,70.984,1096.4,145.72,high_fire
2.655,63.789,1065.1,118.83,transition
1.074,73.268,1097.7,134.66,high_fire
1.279,64.814,1100.0,151.9,high_fire
1.197,66.426,1086.4,135.06,normal
4.542,57.2,1059.6,111.25,transition
4.443,70.267,1052.3,111.36,transition
4.509,51.091,1053.8,107.75,transition
4.953,66.603,1054.8,108.71,transition
1.737,65.473,1100.0,150.39,high_fire
22.648,91.111,1021.3,105.3,part_load
9.137,81.173,1047.6,110.31,part_load
1.503,67.126,1095.0,134.9,high_fire
1.3,67.774,1091.4,143.24,normal
1.919,71.356,1100.0,152.0,high_fire
3.472,58.372,1052.7,109.62,transition
1.827,69.101,1091.7,133.57,normal
2.408,62.211,1068.1,121.52,transition
3.634,57.94,1062.6,110.08,transition
3.96,68.951,1045.7,109.05,part_load
2.888,63.486,1069.2,122.67,transition
2.233,62.852,1073.5,122.44,transition
0.933,57.727,1087.7,134.23,normal
1.596,63.52,1100.0,155.46,high_fire
11.879,94.946,1031.2,101.37,part_load
1.983,62.321,1078.7,127.33,normal
1.714,65.835,1087.0,134.38,normal
1.227,60.138,1086.8,133.11,normal
9.862,94.998,1032.4,103.76,part_load
8.612,98.653,1049.6,110.84,part_load
1.313,59.879,1085.1,132.56,normal
1.19,66.589,1095.7,136.9,high_fire
5.892,75.521,1060.7,110.11,transition
1.054,49.751,1100.0,163.16,high_fire
6.994,70.988,1051.5,108.57,transition
0.697,66.023,1098.9,144.06,high_fire
14.456,101.935,1034.9,109.32,part_load
1.322,78.472,1095.4,134.66,high_fire
1.851,59.678,1079.4,129.8,normal
11.724,92.911,1040.3,109.26,part_load
2.9,68.117,1065.5,120.58,transition
1.227,64.07,1100.0,148.23,high_fire
8.188,73.913,1040.9,107.77,part_load
0.952,72.168,1100.0,151.94,high_fire
1.62,56.524,1080.0,134.58,normal
3.399,72.641,1047.2,110.48,part_load
1.434,65.711,1098.5,150.06,high_fire
5.123,51.562,1055.8,109.65,transition
3.778,63.902,1038.6,108.3,part_load
0.444,52.082,1098.6,159.82,high_fire
2.337,48.901,1046.0,110.38,part_load
1.486,70.406,1090.1,135.4,normal
2.386,59.657,1067.5,121.62,transition
1.32,60.383,1076.8,134.21,normal
9.514,80.152,1050.9,108.92,transition
1.528,59.144,1074.8,122.48,transition
2.61,51.687,1045.6,108.38,part_load
2.697,70.545,1063.5,122.78,transition
1.539,69.555,1100.0,153.07,high_fire
4.072,77.005,1042.5,108.25,part_load
9.464,84.095,1043.7,110.61,part_load
2.978,81.3,1080.8,128.19,normal
10.851,95.544,1045.5,110.31,part_load
2.587,69.318,1062.9,122.28,transition
4.163,70.015,1050.9,109.4,transition
6.717,76.028,1051.7,110.35,transition
0.428,51.917,1063.9,123.09,transition
4.353,51.386,1057.3,110.5,transition
8.085,68.242,1047.7,109.69,part_load
0.813,58.71,1099.9,161.14,high_fire
1.917,63.206,1092.3,133.0,normal
3.355,59.333,1074.4,121.27,transition
1.438,54.386,1043.5,110.26,part_load
3.672,60.729,1047.9,106.37,part_load
1.732,71.635,1065.6,124.24,transition
7.724,84.201,1045.0,110.05,part_load
4.987,64.834,1044.3,105.8,part_load
4.741,66.273,1044.8,108.28,part_load
1.279,59.511,1086.4,134.25,normal
2.678,59.083,1044.7,110.67,part_load
1.178,74.949,1099.8,144.7,high_fire
1.3,72.768,1096.9,134.92,high_fire
2.628,66.433,1089.6,134.35,normal
4.58,51.88,1059.3,110.4,transition
1.79,56.563,1099.9,160.74,high_fire
3.366,65.959,1063.8,122.4,transition
1.643,68.962,1083.3,128.95,normal
1.412,63.685,1078.6,136.59,normal
4.913,52.492,1054.1,108.91,transition
1.546,60.451,1099.8,163.21,high_fire
11.648,112.387,1034.4,103.28,part_load
1.248,61.814,1100.1,156.56,high_fire
1.368,63.003,1099.8,145.59,high_fire
1.259,64.081,1083.5,133.26,normal
0.769,51.42,1062.8,122.6,transition
1.201,65.681,1100.0,150.38,high_fire
12.786,84.877,1036.5,109.65,part_load
0.495,57.628,1099.9,160.72,high_fire
6.495,61.504,1048.6,108.02,part_load
0.449,71.43,1100.0,162.31,high_fire
4.35,67.191,1044.3,108.81,part_load
1.719,63.146,1083.3,132.7,normal
1.566,67.019,1100.0,149.96,high_fire
1.205,66.365,1100.0,160.16,high_fire
2.098,61.559,1074.9,127.93,transition
3.502,58.42,1061.2,109.44,transition
2.431,67.818,1071.0,124.06,transition
2.737,74.589,1063.9,122.53,transition
11.117,91.755,1039.7,108.27,part_load
1.736,62.633,1085.7,133.34,normal
1.654,61.788,1099.7,146.5,high_fire
5.127,56.871,1054.1,109.06,transition
1.474,55.282,1099.9,162.36,high_fire
1.83,64.835,1088.0,134.52,normal
8.259,89.312,1047.1,109.04,part_load
2.653,51.531,1059.5,109.97,transition
13.741,98.182,1036.9,110.15,part_load
5.725,103.697,1045.3,109.29,part_load
1.027,63.916,1100.0,149.36,high_fire
2.023,64.534,1078.9,127.82,normal
1.865,55.128,1079.7,130.0,normal
1.585,62.384,1087.4,134.27,normal
4.346,58.415,1053.6,110.23,transition
5.76,75.441,1047.2,109.8,part_load
4.939,64.205,1091.7,134.49,normal
0.727,71.117,1099.9,156.41,high_fire
1.662,52.85,1100.1,163.02,high_fire
24.867,94.384,1016.4,103.54,part_load
0.92,58.029,1099.8,153.25,high_fire
4.12,59.3,1053.1,109.8,transition
1.862,67.375,1099.5,144.27,high_fire
16.707,65.813,1036.5,110.8,part_load
1.544,60.375,1087.9,134.88,normal
0.96,72.074,1099.9,147.25,high_fire
1.284,63.364,1099.8,147.54,high_fire
5.242,64.462,1048.5,109.13,part_load
1.286,61.049,1100.0,155.28,high_fire
9.469,87.02,1048.6,108.1,part_load
0.743,59.954,1097.3,146.27,high_fire
1.835,62.126,1078.6,128.14,normal
1.18,60.063,1085.4,132.95,normal
0.662,66.523,1100.0,152.1,high_fire
9.128,80.804,1039.5,109.31,part_load
9.919,87.62,1046.5,109.32,part_load
3.218,69.321,1069.4,121.12,transition
11.219,95.559,1043.6,110.04,part_load
8.275,79.042,1045.4,109.76,part_load
25.248,90.217,1032.7,115.12,part_load
4.492,81.145,1042.4,108.75,part_load
3.488,59.34,1048.2,106.5,part_load
1.705,67.792,1080.5,133.6,normal
4.379,67.658,1049.1,108.58,part_load
5.45,71.87,1051.1,107.18,transition
1.596,70.007,1099.3,142.89,high_fire
1.027,64.748,1093.2,133.14,normal
2.538,74.484,1064.2,123.09,transition
1.315,69.174,1092.2,141.07,normal
2.054,61.514,1075.9,127.71,normal
28.244,74.079,1025.7,102.77,part_load
1.407,76.954,1100.1,162.27,high_fire
1.86,66.142,1093.9,134.68,normal
0.768,68.098,1090.7,133.57,normal
1.812,64.856,1083.1,134.07,normal
2.219,65.639,1088.4,133.08,normal
0.878,67.958,1064.7,123.37,transition
1.17,67.217,1100.0,154.12,high_fire
1.296,66.552,1064.1,122.07,transition
5.494,63.527,1049.2,109.21,part_load
1.734,66.252,1099.8,147.29,high_fire
1.209,73.949,1100.0,155.05,high_fire
10.307,79.577,1047.2,111.66,part_load
0.364,53.9,1100.0,168.33,high_fire
3.197,63.436,1065.4,120.2,transition
1.314,59.825,1086.8,133.95,normal
0.45,85.306,1100.3,160.97,high_fire
4.881,72.064,1038.5,108.78,part_load
8.143,75.674,1047.4,106.71,part_load
4.612,69.695,1045.6,105.83,part_load
1.152,66.9,1099.8,156.91,high_fire
4.424,70.587,1047.5,107.06,part_load
1.146,77.951,1100.0,154.75,high_fire
2.547,66.66,1072.9,121.75,transition
1.797,62.927,1080.0,127.16,normal
6.929,80.752,1049.6,109.4,part_load
4.028,60.281,1054.9,109.35,transition
1.464,67.367,1083.5,135.01,normal
1.154,71.932,1099.2,159.99,high_fire
0.111,94.299,1039.6,109.41,part_load
0.766,58.948,1080.6,134.56,normal
0.643,62.822,1089.0,133.7,normal
1.95,66.259,1063.0,121.74,transition
0.791,60.911,1099.9,158.44,high_fire
9.007,90.94,1047.6,109.26,part_load
7.387,71.974,1030.7,108.88,part_load
6.355,77.722,1041.6,108.02,part_load
0.732,63.537,1081.6,133.69,normal
2.456,65.337,1081.9,130.77,normal
1.197,70.268,1100.0,154.38,high_fire
1.705,57.795,1099.6,150.25,high_fire
5.376,54.002,1054.5,108.57,transition
1.832,73.855,1097.6,143.37,high_fire
2.535,66.445,1083.2,135.38,normal
13.769,78.022,1041.1,112.34,part_load
1.402,60.14,1082.6,132.61,normal
1.54,68.793,1092.6,133.85,normal
0.872,56.694,1078.8,134.89,normal
1.347,61.547,1087.9,133.84,normal
1.824,53.513,1079.3,129.71,normal
5.656,68.826,1047.4,109.02,part_load
0.874,64.158,1089.5,134.01,normal
0.325,73.8,1100.0,159.55,high_fire
9.03,58.221,1071.5,118.28,transition
4.736,69.974,1047.4,108.87,part_load
0.868,57.077,1099.3,159.63,high_fire
11.473,87.065,1042.5,109.75,part_load
1.68,65.952,1099.8,156.8,high_fire
2.523,72.549,1063.3,122.64,transition
2.357,49.768,1052.2,115.0,transition
4.775,79.072,1040.2,109.24,part_load
4.037,50.616,1056.6,109.74,transition
1.976,51.939,1058.1,119.04,transition
3.823,67.471,1044.4,108.03,part_load
2.102,63.997,1070.2,122.11,transition
3.807,78.577,1045.6,109.72,part_load
0.771,73.073,1100.0,146.15,high_fire
1.243,65.494,1098.2,150.99,high_fire
2.14,62.35,1068.8,121.05,transition
3.885,68.448,1059.5,118.34,transition
1.778,60.494,1080.7,129.81,normal
5.668,77.08,1030.8,105.7,part_load
1.717,71.962,1093.7,136.92,normal
2.379,62.336,1085.2,134.07,normal
2.848,50.197,1052.6,108.14,transition
1.012,67.169,1100.0,155.64,high_fire
10.981,91.451,1043.4,114.15,part_load
1.415,67.869,1086.0,134.67,normal
3.343,65.894,1048.1,110.93,part_load
7.7,88.107,1039.0,111.24,part_load
0.985,62.854,1100.0,145.87,high_fire
1.664,60.948,1086.8,135.2,normal
0.632,79.899,1100.0,165.33,high_fire
1.69,72.285,1090.7,134.17,normal
6.122,74.169,1040.5,107.35,part_load
6.28,78.671,1053.1,110.17,transition
3.514,60.29,1052.1,109.41,transition
2.066,59.485,1077.0,128.69,normal
11.877,98.455,1037.3,109.03,part_load
1.124,72.027,1100.0,152.34,high_fire
2.656,57.981,1067.7,120.91,transition
1.448,64.811,1100.0,150.73,high_fire
0.657,68.85,1095.5,134.63,high_fire
16.161,110.853,1026.1,104.26,part_load
4.849,65.987,1049.2,109.2,part_load
4.414,54.36,1057.9,109.92,transition
1.354,66.31,1092.8,134.39,normal
6.217,71.343,1048.5,110.24,part_load
2.173,61.601,1074.6,127.3,transition
1.888,62.594,1062.0,120.96,transition
10.75,94.607,1041.0,109.62,part_load
1.087,56.628,1100.0,150.02,high_fire
10.574,98.388,1029.0,108.25,part_load
3.265,55.046,1049.3,108.24,part_load
4.071,60.578,1051.1,109.15,transition
1.005,69.805,1099.9,155.1,high_fire
4.832,64.787,1055.7,109.94,transition
10.351,93.44,1044.3,112.49,part_load
0.508,47.757,1063.1,122.81,transition
1.229,60.328,1086.7,134.78,normal
4.482,68.266,1049.8,109.27,part_load
11.717,81.093,1034.7,109.81,part_load
2.601,56.36,1072.7,120.19,transition
1.466,65.537,1100.0,152.06,high_fire
1.355,58.433,1085.4,132.84,normal
9.573,94.016,1043.9,108.62,part_load
7.209,72.673,1049.3,109.82,part_load
5.249,68.035,1049.7,109.55,part_load
6.523,56.562,1067.8,118.27,transition
1.563,66.774,1086.7,133.91,normal
1.339,58.307,1076.0,133.52,normal
1.355,64.388,1099.9,149.9,high_fire
1.45,69.265,1094.0,134.07,normal
10.925,84.511,1043.7,109.31,part_load
5.07,88.582,1041.0,108.35,part_load
3.855,62.051,1045.5,108.8,part_load
0.715,56.523,1099.9,163.5,high_fire
14.879,79.658,1038.6,111.46,part_load
2.265,51.224,1043.5,109.18,part_load
7.844,89.444,1049.0,109.37,part_load
12.616,87.72,1035.7,109.36,part_load
4.898,56.665,1051.8,109.11,transition
4.886,69.335,1055.9,110.64,transition
2.101,97.596,1097.6,140.79,high_fire
1.084,67.286,1099.9,159.07,high_fire
2.116,90.0,1100.0,154.74,high_fire
1.658,66.196,1100.2,167.68,high_fire
1.011,76.605,1099.8,156.77,high_fire
0.706,55.328,1100.0,157.32,high_fire
1.814,67.683,1086.1,134.27,normal
3.04,60.893,1085.4,134.05,normal
9.512,84.283,1039.1,103.61,part_load
2.026,64.159,1089.4,133.93,normal
1.328,69.471,1094.1,134.83,normal
2.149,63.706,1070.1,122.79,transition
4.767,71.601,1048.5,109.14,part_load
0.793,63.5,1100.0,149.25,high_fire
4.242,57.348,1059.8,109.25,transition
2.368,73.265,1064.2,123.53,transition
6.201,58.086,1049.9,103.72,part_load
0.767,58.78,1100.1,154.57,high_fire
2.485,65.608,1066.5,122.42,transition
1.33,54.294,1058.4,119.85,transition
5.047,70.167,1057.4,111.58,transition
4.938,66.141,1050.7,110.39,transition
2.214,66.697,1084.2,135.05,normal
1.776,59.899,1080.2,130.45,normal
2.481,54.214,1047.7,112.15,part_load
1.056,55.593,1077.8,134.15,normal
9.289,86.021,1031.4,107.2,part_load
5.243,71.271,1048.8,109.36,part_load
1.611,62.185,1077.6,134.96,normal
6.16,81.019,1037.0,103.11,part_load
0.294,52.017,1099.9,160.07,high_fire
1.651,70.403,1100.0,154.61,high_fire
8.236,77.935,1050.8,108.79,transition
5.9,64.909,1051.4,108.33,transition
1.678,63.91,1100.1,147.46,high_fire
2.629,54.526,1046.2,111.83,part_load
5.054,65.926,1047.5,109.04,part_load
3.286,56.898,1063.0,111.31,transition
2.806,62.51,1099.4,150.97,high_fire
2.573,68.104,1070.3,120.81,transition
5.899,76.415,1053.1,110.37,transition
0.39,56.125,1099.9,158.78,high_fire
12.066,93.044,1038.6,110.3,part_load
2.151,56.257,1072.1,119.71,transition
4.748,53.339,1058.0,110.16,transition
3.311,58.923,1061.5,109.7,transition
3.651,62.619,1053.7,109.94,transition
10.63,83.852,1043.7,109.77,part_load
27.087,97.656,1011.4,101.78,part_load
1.28,54.467,1047.3,112.52,part_load
6.504,90.468,1036.2,105.62,part_load
1.272,62.214,1084.9,134.44,normal
1.817,64.43,1079.1,130.01,normal
8.008,86.178,1030.8,107.28,part_load
5.032,70.476,1053.8,109.83,transition
13.171,99.732,1036.2,110.43,part_load
1.437,60.098,1100.0,157.21,high_fire
1.316,56.564,1078.5,135.16,normal
1.103,57.565,1099.9,164.9,high_fire
2.54,57.905,1052.6,110.47,transition
0.014,68.703,1063.1,121.36,transition
1.746,68.336,1085.7,134.68,normal
1.441,77.974,1100.0,154.36,high_fire
8.008,84.919,1037.5,108.44,part_load
3.434,57.753,1049.2,108.91,part_load
9.557,91.093,1049.3,113.3,part_load
1.267,65.48,1091.1,132.73,normal
1.296,61.954,1087.4,134.28,normal
1.234,57.42,1088.0,133.68,normal
1.841,67.875,1091.2,134.8,normal
1.618,62.473,1071.6,121.61,transition
5.359,66.458,1055.4,110.63,transition
1.425,70.675,1099.8,152.83,high_fire
7.478,84.488,1049.5,109.93,part_load
4.998,63.651,1051.2,110.1,transition
1.15,67.499,1099.0,151.0,high_fire
1.409,68.44,1099.6,153.08,high_fire
3.885,58.569,1056.9,108.9,transition
11.754,100.895,1037.7,108.71,part_load
1.522,50.93,1045.0,110.41,part_load
10.992,78.897,1041.4,108.54,part_load
1.992,64.594,1077.2,128.15,normal
1.383,65.434,1100.0,163.2,high_fire
10.964,90.533,1042.3,109.03,part_load
2.666,57.077,1066.9,120.33,transition
2.019,51.803,1043.9,109.55,part_load
6.099,82.843,1032.0,108.02,part_load
1.734,65.582,1092.7,133.76,normal
1.301,65.157,1100.0,146.59,high_fire
5.322,65.636,1048.5,109.14,part_load
8.799,92.192,1048.1,108.73,part_load
9.446,87.224,1041.4,109.51,part_load
3.938,67.317,1045.2,114.8,part_load
1.791,78.373,1099.8,154.19,high_fire
1.86,65.505,1078.6,127.94,normal
0.627,64.096,1092.8,132.35,normal
10.04,93.835,1044.3,112.25,part_load
12.606,89.839,1040.1,109.12,part_load
6.279,73.638,1038.3,102.49,part_load
8.243,72.609,1048.2,108.29,part_load
2.416,73.039,1063.6,122.23,transition
3.771,83.796,1074.9,124.53,transition
5.31,83.112,1038.5,106.35,part_load
8.258,81.749,1038.1,100.74,part_load
1.934,62.264,1083.4,133.92,normal
3.416,55.762,1061.2,109.48,transition
1.16,67.343,1098.9,151.85,high_fire
2.378,62.051,1066.5,119.61,transition
1.677,84.532,1099.8,149.86,high_fire
2.022,74.174,1100.0,146.48,high_fire
9.027,95.608,1049.8,109.92,part_load
1.318,74.622,1099.9,154.54,high_fire
7.073,92.83,1048.7,104.27,part_load
2.572,68.02,1065.4,121.14,transition
8.0,77.995,1028.8,107.17,part_load
1.204,64.223,1079.5,132.01,normal
7.58,81.435,1038.4,106.13,part_load
4.878,61.405,1053.5,108.57,transition
1.348,61.498,1087.5,134.87,normal
0.979,64.353,1100.1,147.14,high_fire
6.281,78.798,1041.7,108.45,part_load
2.17,57.97,1061.8,120.94,transition
1.255,59.259,1100.1,148.07,high_fire
3.938,51.476,1054.6,107.95,transition
5.394,65.917,1052.9,108.27,transition
1.76,63.952,1088.5,133.22,normal
12.475,92.086,1037.9,110.45,part_load
1.091,71.668,1095.2,135.34,high_fire
1.764,64.456,1081.7,133.3,normal
1.169,67.548,1090.0,134.34,normal
4.819,68.588,1064.8,122.78,transition
0.385,50.984,1100.1,160.3,high_fire
9.347,89.919,1043.6,110.16,part_load
1.259,80.17,1096.5,133.37,high_fire
6.843,73.18,1050.4,109.65,transition
2.09,50.161,1048.3,109.74,part_load
3.531,60.133,1050.6,110.44,transition
1.377,66.328,1100.0,146.29,high_fire
4.393,54.941,1059.0,110.4,transition
4.85,52.08,1054.1,109.92,transition
2.03,67.555,1090.3,134.12,normal
8.853,78.57,1043.2,109.5,part_load
1.004,64.399,1099.8,151.43,high_fire
6.213,58.687,1068.6,125.78,transition
2.718,69.879,1065.5,121.3,transition
1.499,57.657,1086.3,133.9,normal
4.002,67.018,1043.3,106.95,part_load
5.679,68.842,1046.9,109.02,part_load
2.144,62.028,1069.3,122.08,transition
1.223,65.47,1099.2,153.84,high_fire
3.85,56.316,1059.0,108.44,transition
8.693,86.757,1049.8,109.9,part_load
10.765,84.536,1040.8,109.01,part_load
7.69,68.406,1031.7,104.19,part_load
11.057,92.471,1045.2,109.35,part_load
1.218,67.653,1100.0,158.68,high_fire
1.83,60.447,1077.5,134.62,normal
1.572,68.928,1100.0,159.67,high_fire
1.104,75.829,1100.0,153.3,high_fire
1.031,59.066,1084.7,133.0,normal
0.932,60.108,1078.7,134.83,normal
1.817,57.985,1077.2,127.98,normal
2.54,53.812,1048.6,113.77,part_load
7.045,86.545,1045.4,113.47,part_load
9.844,86.911,1044.4,108.99,part_load
1.908,81.711,1100.0,154.83,high_fire
1.378,74.623,1099.9,150.72,high_fire
1.329,76.2,1100.1,153.98,high_fire
1.308,70.782,1093.1,134.38,normal
12.973,95.092,1037.4,110.53,part_load
0.674,57.525,1100.1,161.22,high_fire
6.88,80.187,1043.9,109.8,part_load
12.594,85.97,1042.5,113.67,part_load
5.909,69.541,1040.0,105.39,part_load
5.621,82.772,1040.0,112.03,part_load
6.19,80.418,1040.5,108.87,part_load
2.608,50.288,1042.5,107.82,part_load
1.428,61.684,1100.1,158.33,high_fire
3.503,56.177,1061.2,109.63,transition
2.774,68.372,1083.9,135.0,normal
1.063,65.105,1098.6,141.89,high_fire
0.994,72.696,1100.0,152.51,high_fire
2.054,56.1,1100.0,160.53,high_fire
5.443,63.989,1041.5,102.9,part_load
1.138,57.617,1077.9,134.73,normal
6.106,68.672,1051.3,113.29,transition
3.349,49.105,1049.4,109.36,part_load
7.276,76.786,1038.3,103.2,part_load
1.597,61.52,1085.2,133.96,normal
1.329,72.132,1091.9,134.41,normal
5.644,83.783,1038.9,108.78,part_load
1.157,62.748,1099.9,149.9,high_fire
1.442,72.582,1090.2,135.24,normal
1.916,65.241,1098.9,150.98,high_fire
1.958,66.088,1088.3,133.19,normal
8.471,73.522,1047.3,109.31,part_load
2.635,57.659,1100.1,161.52,high_fire
1.774,69.728,1089.4,133.55,normal
5.683,75.623,1049.8,112.24,part_load
1.322,60.03,1100.0,150.77,high_fire
1.31,69.751,1098.8,143.25,high_fire
4.987,66.282,1049.8,110.14,part_load
1.516,70.403,1098.4,143.48,high_fire
0.887,59.585,1078.7,134.04,normal
4.896,56.224,1054.9,108.35,transition
1.44,60.401,1083.9,133.82,normal
9.218,94.534,1038.3,110.63,part_load
1.686,63.492,1100.0,148.54,high_fire
1.595,76.8,1100.0,151.02,high_fire
1.078,70.3,1099.7,153.78,high_fire
1.819,55.003,1087.2,139.74,normal
0.586,66.158,1093.1,134.3,normal
1.679,77.502,1100.0,150.73,high_fire
3.524,56.755,1059.3,108.81,transition
2.099,70.959,1084.7,134.5,normal
1.47,65.419,1100.1,152.61,high_fire
0.728,72.47,1100.0,154.81,high_fire
1.442,84.185,1099.9,154.56,high_fire
1.59,64.081,1090.6,132.52,normal
1.269,68.649,1093.2,134.24,normal
9.143,83.056,1051.7,118.38,transition
1.4,67.418,1100.1,151.33,high_fire
0.389,55.041,1100.0,168.16,high_fire
2.362,66.862,1086.4,132.75,normal
6.143,79.195,1046.0,109.37,part_load
1.221,71.88,1100.0,157.21,high_fire
1.229,70.714,1100.1,153.43,high_fire
9.226,78.977,1044.7,109.38,part_load
1.602,68.094,1089.4,138.28,normal
4.066,53.978,1058.4,110.78,transition
1.754,64.83,1079.3,128.4,normal
3.85,64.928,1044.3,107.51,part_load
1.156,63.711,1089.7,134.69,normal
1.64,52.328,1099.9,164.26,high_fire
2.86,58.677,1100.0,155.23,high_fire
7.837,114.053,1041.9,108.14,part_load
0.778,65.199,1100.0,152.35,high_fire
0.871,53.615,1078.6,134.3,normal
6.482,75.65,1039.5,103.92,part_load
11.601,99.634,1040.8,111.86,part_load
1.993,63.107,1068.9,121.71,transition
1.168,64.132,1089.7,135.59,normal
1.357,56.094,1100.0,164.23,high_fire
1.109,63.893,1100.0,150.66,high_fire
8.174,80.339,1047.0,108.99,part_load
3.905,67.447,1040.9,109.33,part_load
1.357,62.752,1088.4,133.44,normal
10.551,97.794,1029.8,108.64,part_load
3.367,54.579,1065.0,115.12,transition
5.778,70.97,1045.2,109.51,part_load
5.44,70.231,1036.2,106.55,part_load
1.504,67.116,1090.6,134.08,normal
0.787,62.601,1099.8,148.65,high_fire
1.17,68.516,1099.9,148.62,high_fire
1.313,63.599,1088.1,134.69,normal
3.328,62.409,1052.3,109.8,transition
1.623,70.692,1099.9,152.97,high_fire
5.229,59.654,1053.9,109.42,transition
2.191,66.048,1068.2,120.91,transition
5.331,63.927,1054.5,108.7,transition
4.428,60.896,1055.7,109.96,transition
5.161,53.07,1054.7,108.64,transition
7.243,82.28,1051.2,110.42,transition
3.175,74.321,1061.5,120.73,transition
1.084,55.306,1099.9,159.44,high_fire
1.637,72.347,1079.8,136.43,normal
3.854,66.175,1044.6,107.62,part_load
9.03,82.865,1048.4,109.46,part_load
1.339,58.268,1081.3,129.72,normal
3.843,60.743,1055.4,108.78,transition
0.918,68.6,1100.0,150.3,high_fire
0.789,54.169,1100.1,151.06,high_fire
4.674,59.296,1057.2,110.06,transition
1.887,65.426,1077.1,127.85,normal
1.203,67.949,1099.9,146.77,high_fire
5.528,68.055,1047.4,109.66,part_load
4.12,61.198,1054.6,111.14,transition
2.196,54.948,1068.9,121.85,transition
4.042,53.534,1059.0,110.07,transition
2.732,63.887,1066.2,120.61,transition
9.251,76.573,1048.0,108.18,part_load
1.275,64.069,1100.0,147.84,high_fire
2.393,59.693,1073.2,118.81,transition
2.579,64.835,1072.2,125.92,transition
1.87,53.6,1100.0,161.18,high_fire
1.339,59.116,1077.4,134.92,normal
4.403,69.6,1049.8,110.8,part_load
0.972,72.514,1100.0,164.2,high_fire
8.266,88.591,1035.6,107.59,part_load
3.347,57.564,1100.0,157.17,high_fire
3.613,63.837,1072.9,125.88,transition
1.507,71.049,1099.8,149.24,high_fire
5.458,68.1,1048.8,109.95,part_load
3.291,53.287,1065.6,117.67,transition
1.9,68.933,1087.4,134.32,normal
1.113,62.408,1100.2,149.46,high_fire
2.573,69.819,1069.7,126.06,transition
9.792,104.014,1041.2,108.87,part_load
1.105,59.686,1099.9,162.06,high_fire
5.682,84.796,1037.1,110.08,part_load
2.321,63.587,1074.7,123.93,transition
6.319,77.737,1047.4,107.37,part_load
8.085,80.27,1037.9,100.59,part_load
1.6,69.71,1091.6,133.61,normal
1.674,69.135,1099.7,146.55,high_fire
1.362,52.387,1100.0,161.97,high_fire
0.798,64.353,1100.0,155.08,high_fire
0.735,74.653,1100.0,154.35,high_fire
11.876,84.332,1041.3,109.48,part_load
3.1,70.624,1084.8,134.11,normal
1.603,67.95,1085.9,134.85,normal
5.348,69.496,1053.7,110.4,transition
3.63,71.253,1047.6,110.23,part_load
1.633,61.867,1085.6,131.77,normal
1.491,64.049,1081.8,133.64,normal
6.012,87.304,1056.4,111.57,transition
1.164,71.116,1099.9,152.6,high_fire
6.564,88.391,1060.6,115.63,transition
1.749,67.763,1088.2,135.54,normal
3.788,65.948,1045.0,108.23,part_load
9.533,95.531,1028.6,108.41,part_load
2.888,55.234,1052.4,109.49,transition
3.647,57.811,1054.2,110.97,transition
1.384,59.6,1087.4,134.32,normal
4.938,67.925,1049.0,109.34,part_load
1.675,58.117,1099.9,158.11,high_fire
1.606,73.382,1100.1,145.54,high_fire
4.339,74.872,1047.4,109.08,part_load
7.403,77.056,1042.0,104.73,part_load
7.095,79.975,1037.2,105.54,part_load
1.274,67.733,1098.0,151.38,high_fire
0.753,63.615,1099.9,150.49,high_fire
1.623,66.83,1100.0,151.83,high_fire
1.779,77.503,1095.8,134.11,high_fire
1.256,76.091,1099.2,144.66,high_fire
1.13,56.042,1100.0,152.02,high_fire
9.916,85.911,1044.3,108.24,part_load
4.585,57.149,1055.5,109.7,transition
6.692,87.233,1035.4,103.37,part_load
0.986,71.776,1099.9,149.54,high_fire
11.139,100.24,1036.0,102.47,part_load
1.348,62.408,1086.5,133.72,normal
6.661,89.778,1035.0,107.53,part_load
4.207,49.305,1059.6,110.43,transition
4.988,73.065,1052.4,112.37,transition
1.906,60.808,1100.0,158.93,high_fire
0.356,68.1,1093.9,134.82,normal
1.84,63.89,1100.0,157.28,high_fire
4.132,60.81,1064.8,115.94,transition
1.407,65.715,1099.9,152.86,high_fire
1.29,68.269,1081.5,135.19,normal
7.2,97.167,1037.0,104.84,part_load
1.066,66.678,1094.2,138.54,normal
12.513,93.767,1036.2,108.38,part_load
1.919,67.665,1062.1,120.83,transition
1.736,66.477,1087.8,133.27,normal
1.071,66.261,1100.0,160.93,high_fire
0.835,54.895,1078.5,134.46,normal
1.15,54.156,1078.1,133.2,normal
2.14,66.191,1078.2,121.68,normal
4.766,67.91,1049.0,109.96,part_load
1.342,62.628,1095.2,135.28,high_fire
2.258,68.864,1084.3,134.0,normal
1.313,56.835,1079.0,135.78,normal
1.515,67.944,1100.0,156.81,high_fire
0.874,55.966,1089.2,135.02,normal
8.563,86.163,1032.9,108.94,part_load
1.583,65.481,1084.8,135.59,normal
1.012,69.101,1099.9,154.19,high_fire
3.165,63.432,1033.2,101.63,part_load
6.711,85.194,1035.8,103.02,part_load
6.839,79.584,1049.0,104.6,part_load
4.161,53.53,1064.3,116.39,transition
1.31,67.72,1086.1,133.64,normal
2.996,57.007,1065.6,119.51,transition
6.346,73.438,1039.1,104.05,part_load
4.71,61.691,1051.6,110.32,transition
1.167,64.558,1100.0,150.46,high_fire
2.438,57.999,1063.6,122.32,transition
3.617,68.872,1057.9,115.16,transition
4.938,63.114,1044.2,103.27,part_load
8.224,89.026,1047.6,106.41,part_load
1.311,65.621,1100.0,145.25,high_fire
3.338,66.949,1074.5,123.74,transition
1.4,64.868,1089.6,134.16,normal
1.022,67.539,1093.3,134.47,normal
0.725,58.389,1099.7,154.38,high_fire
1.548,66.843,1081.7,134.32,normal
2.318,69.777,1071.6,131.97,transition
5.34,67.267,1048.9,108.44,part_load
5.474,63.387,1049.0,109.13,part_load
1.726,66.71,1089.0,133.08,normal
2.354,60.754,1067.1,126.47,transition
1.083,52.757,1099.9,156.73,high_fire
20.428,87.839,1026.3,107.06,part_load
4.019,69.757,1044.0,107.81,part_load
1.324,70.818,1099.9,154.97,high_fire
2.74,56.442,1060.2,112.93,transition
1.013,72.495,1092.9,134.13,normal
4.643,63.928,1051.3,112.82,transition
5.986,57.31,1049.8,104.16,part_load
3.96,66.474,1044.0,107.48,part_load
1.659,63.437,1088.0,133.54,normal
13.016,93.566,1020.1,103.9,part_load
1.401,64.945,1092.8,133.26,normal
1.21,56.021,1099.1,147.27,high_fire
0.756,57.538,1079.1,133.6,normal
2.862,64.56,1067.4,120.82,transition
2.101,54.666,1099.9,161.71,high_fire
1.719,63.131,1084.3,134.44,normal
3.491,65.388,1045.6,109.22,part_load
3.351,53.406,1057.8,110.17,transition
3.297,62.586,1051.7,116.75,transition
15.999,99.508,1030.5,113.41,part_load
1.554,63.949,1085.3,133.44,normal
1.361,62.98,1100.0,157.52,high_fire
8.535,84.568,1059.6,120.1,transition
2.626,58.539,1058.8,119.36,transition
5.476,65.579,1047.1,107.88,part_load
4.394,65.866,1051.8,110.24,transition
0.503,59.37,1099.6,154.25,high_fire
3.268,64.947,1040.9,110.8,part_load
35.045,78.208,1036.2,109.67,part_load
1.314,70.745,1099.9,155.63,high_fire
9.206,91.628,1047.6,110.28,part_load
1.933,52.809,1100.0,163.93,high_fire
12.776,92.947,1030.9,100.75,part_load
9.91,54.768,1051.6,105.22,transition
2.868,73.328,1065.2,121.94,transition
1.376,50.35,1044.3,111.03,part_load
1.789,76.272,1095.8,138.59,high_fire
1.448,68.983,1094.1,132.61,normal
1.212,57.505,1087.7,133.73,normal
5.651,72.942,1032.2,104.44,part_load
5.331,67.479,1048.3,109.56,part_load
3.69,64.492,1045.2,108.16,part_load
8.996,100.625,1034.5,104.54,part_load
1.865,66.865,1088.9,134.0,normal
4.155,73.879,1056.3,116.76,transition
5.149,80.796,1039.2,107.56,part_load
1.189,65.999,1100.0,155.03,high_fire
0.708,61.542,1089.5,134.54,normal
0.456,58.28,1100.0,154.95,high_fire
2.201,61.67,1067.5,120.6,transition
7.587,74.084,1049.1,109.33,part_load
1.404,59.915,1099.9,155.39,high_fire
1.144,65.339,1100.0,149.39,high_fire
1.572,68.017,1081.5,134.52,normal
6.694,75.706,1049.3,108.68,part_load
3.605,69.592,1044.9,107.92,part_load
1.17,60.894,1089.2,133.29,normal
2.745,79.448,1078.4,130.31,normal
1.673,69.031,1100.0,149.39,high_fire
2.62,55.238,1057.6,108.34,transition
4.632,69.378,1048.8,109.06,part_load
5.637,67.409,1055.3,111.29,transition
1.223,52.193,1099.9,162.87,high_fire
9.916,96.279,1044.2,108.96,part_load
1.178,65.113,1100.0,150.65,high_fire
2.988,67.564,1074.5,123.72,transition
0.089,85.807,1034.2,115.9,part_load
4.914,48.741,1056.6,109.06,transition
12.248,102.628,1038.9,112.13,part_load
2.221,55.046,1047.1,111.33,part_load
0.847,64.565,1099.4,154.0,high_fire
1.265,56.201,1087.7,131.64,normal
2.862,54.054,1043.4,110.05,part_load
10.464,89.121,1042.3,108.8,part_load
6.492,75.51,1038.6,105.6,part_load
1.373,68.35,1094.1,133.32,normal
0.007,90.054,1043.8,109.59,part_load
8.387,65.522,1068.1,131.89,transition
1.603,56.939,1077.8,134.42,normal
5.598,72.296,1045.0,107.88,part_load
7.674,76.819,1031.1,107.61,part_load
28.197,99.292,1009.0,100.9,part_load
6.965,76.121,1032.1,107.19,part_load
1.088,63.471,1100.1,148.91,high_fire
0.886,62.322,1092.5,134.39,normal
14.163,101.996,1032.5,107.45,part_load
2.451,69.553,1066.5,120.11,transition
1.25,61.517,1099.9,150.42,high_fire
2.324,64.037,1072.4,123.97,transition
4.488,61.612,1058.5,112.07,transition
2.232,64.029,1070.5,122.4,transition
2.165,63.847,1076.8,126.19,normal
4.81,54.883,1059.6,110.78,transition
0.777,66.63,1100.0,151.34,high_fire
8.753,65.326,1091.4,134.2,normal
1.668,67.358,1098.6,143.9,high_fire
1.384,64.969,1100.0,148.37,high_fire
4.677,71.779,1049.4,109.49,part_load
4.076,65.442,1052.5,110.25,transition
1.998,59.149,1086.2,134.73,normal
1.775,63.465,1077.2,127.53,normal
1.67,58.513,1078.9,134.53,normal
0.657,66.465,1099.1,149.22,high_fire
6.535,60.576,1049.2,108.65,part_load
8.242,78.845,1045.7,110.12,part_load
1.314,62.362,1076.5,134.16,normal
1.762,66.381,1088.6,134.79,normal
5.445,73.941,1047.6,110.06,part_load
1.956,64.532,1086.0,133.53,normal
1.354,62.63,1100.0,146.94,high_fire
3.235,60.501,1064.5,117.71,transition
5.391,64.971,1056.1,109.77,transition
1.611,62.429,1087.0,133.71,normal
1.281,56.907,1079.5,135.58,normal
1.72,62.702,1091.2,133.54,normal
1.157,68.032,1100.0,153.47,high_fire
6.178,72.856,1048.1,120.14,part_load
1.52,58.46,1072.0,129.55,transition
1.523,64.417,1100.0,160.73,high_fire
0.976,71.343,1099.9,153.72,high_fire
3.747,63.685,1041.8,109.11,part_load
3.905,71.246,1060.9,113.66,transition
1.54,61.265,1073.0,123.64,transition
4.717,72.439,1049.3,109.46,part_load
7.99,86.465,1040.4,102.47,part_load
1.344,75.688,1098.5,135.73,high_fire
4.2,70.081,1049.7,108.68,part_load
0.731,79.712,1099.7,158.81,high_fire
11.311,92.405,1034.0,103.06,part_load
0.343,66.181,1095.2,133.82,high_fire
0.861,72.605,1099.8,148.67,high_fire
3.768,69.884,1045.5,109.26,part_load
0.753,69.662,1096.0,135.06,high_fire
3.012,52.884,1062.0,110.22,transition
4.711,71.234,1064.2,117.67,transition
4.196,49.839,1058.9,110.11,transition
1.985,68.939,1081.4,128.71,normal
1.576,63.571,1082.7,129.25,normal
1.883,73.296,1080.9,134.3,normal
12.18,101.695,1033.8,104.4,part_load
2.773,58.936,1045.7,108.38,part_load
5.594,67.107,1047.2,109.26,part_load
12.997,101.279,1038.2,108.16,part_load
6.378,65.033,1048.5,108.52,part_load
1.542,67.505,1099.8,147.01,high_fire
1.551,67.14,1100.0,151.9,high_fire
1.012,63.738,1100.1,150.06,high_fire
0.424,57.21,1100.1,163.54,high_fire
1.356,53.595,1082.1,129.27,normal
4.804,63.793,1057.0,110.38,transition
8.42,80.254,1042.3,107.4,part_load
1.157,77.414,1097.4,148.03,high_fire
1.229,70.862,1080.4,129.05,normal
1.488,61.109,1089.5,135.12,normal
4.019,60.475,1043.9,107.83,part_load
1.801,65.24,1084.3,135.75,normal
8.158,79.859,1046.8,110.53,part_load
1.218,61.739,1093.7,142.59,normal
1.311,52.826,1099.9,161.33,high_fire
1.565,63.779,1100.0,146.0,high_fire
13.439,115.862,1035.1,104.09,part_load
1.086,61.752,1099.9,148.3,high_fire
1.774,69.259,1084.7,133.82,normal
1.968,71.379,1080.4,128.45,normal
11.958,81.458,1038.7,110.1,part_load
1.836,67.851,1071.1,124.54,transition
7.892,78.273,1048.2,108.98,part_load
1.938,68.197,1085.2,133.81,normal
10.587,98.675,1039.7,109.28,part_load
4.752,52.533,1055.9,107.89,transition
4.558,68.084,1050.3,111.03,transition
4.762,52.167,1057.1,108.81,transition
4.163,63.559,1090.0,133.72,normal
4.126,66.605,1049.7,109.5,part_load
1.832,65.424,1082.2,129.14,normal
1.668,67.403,1081.0,134.65,normal
0.973,61.913,1092.0,134.84,normal
13.972,94.783,1031.2,109.6,part_load
13.131,94.789,1037.7,110.32,part_load
8.875,82.479,1038.6,103.52,part_load
1.527,67.794,1081.1,128.62,normal
2.46,67.714,1087.1,134.89,normal
3.234,70.93,1080.0,128.38,normal
5.628,75.583,1059.8,109.47,transition
1.746,63.975,1086.6,134.78,normal
3.78,63.296,1063.3,120.25,transition
2.304,53.77,1047.4,113.82,part_load
1.601,66.855,1100.1,147.28,high_fire
3.802,68.509,1044.8,108.41,part_load
1.602,57.234,1099.9,160.32,high_fire
0.446,52.642,1060.4,120.39,transition
4.642,60.267,1062.7,116.79,transition
1.364,69.193,1094.4,135.16,normal
3.175,65.052,1062.3,114.76,transition
13.27,87.414,1035.0,108.99,part_load
1.847,59.871,1074.8,118.81,transition
1.146,68.559,1100.0,150.62,high_fire
11.323,94.083,1041.1,109.55,part_load
4.95,70.028,1049.1,110.22,part_load
1.214,61.209,1089.0,132.31,normal
9.375,88.64,1030.6,108.67,part_load
1.322,58.098,1078.0,134.05,normal
11.987,86.372,1026.8,102.67,part_load
8.984,87.744,1047.1,109.64,part_load
0.419,51.858,1099.9,171.57,high_fire
1.733,68.945,1080.0,133.24,normal
5.374,70.287,1048.7,109.48,part_load
1.036,65.861,1085.2,134.55,normal
0.584,63.192,1100.0,153.19,high_fire
1.469,70.722,1100.0,155.1,high_fire
2.795,63.037,1037.5,108.82,part_load
1.822,61.75,1075.2,127.03,normal
6.171,68.96,1049.2,108.84,part_load
1.177,51.988,1063.3,123.38,transition
1.967,62.084,1079.9,129.25,normal
6.719,72.791,1052.4,110.06,transition
10.021,88.68,1035.4,102.43,part_load
14.33,98.749,1037.7,109.47,part_load
2.286,65.951,1067.9,121.61,transition
5.791,71.327,1054.8,110.37,transition
1.206,58.373,1043.3,110.23,part_load
8.033,69.294,1051.3,105.25,transition
6.407,64.532,1051.2,107.82,transition
2.104,54.109,1082.3,129.42,normal
8.64,78.833,1030.1,105.02,part_load
5.04,68.999,1053.3,108.3,transition
5.184,73.404,1052.9,109.18,transition
3.03,64.718,1069.6,125.48,transition
7.552,76.431,1050.9,108.86,transition
1.732,59.871,1073.9,123.39,transition
4.253,73.874,1044.4,108.9,part_load
0.96,59.023,1044.3,110.21,part_load
4.666,66.962,1048.0,109.5,part_load
1.798,62.06,1079.2,127.43,normal
1.727,61.029,1099.8,165.0,high_fire
1.847,65.429,1078.0,128.98,normal
4.326,86.947,1067.2,121.65,transition
1.437,64.859,1099.9,145.42,high_fire
1.593,76.05,1094.2,133.18,normal
9.356,94.472,1031.3,103.07,part_load
4.123,59.842,1053.9,111.48,transition
5.812,81.429,1045.5,110.78,part_load
1.52,64.009,1087.9,134.24,normal
10.43,95.532,1042.8,109.39,part_load
4.098,68.781,1043.2,107.03,part_load
0.928,63.724,1088.7,135.24,normal
9.927,86.899,1057.8,121.25,transition
5.408,72.377,1047.2,108.48,part_load
5.071,60.502,1053.4,109.86,transition
8.309,72.63,1049.2,108.61,part_load
0.019,71.503,1099.9,161.16,high_fire
1.445,54.867,1077.7,134.22,normal
1.965,59.373,1073.5,121.85,transition
10.629,88.58,1047.2,109.13,part_load
4.516,58.096,1056.7,111.2,transition
1.142,69.204,1100.0,152.8,high_fire
0.765,59.442,1099.9,158.14,high_fire
1.721,66.617,1080.1,134.19,normal
5.097,65.34,1047.6,107.13,part_load
1.15,56.923,1075.5,128.14,normal
7.438,73.63,1032.6,100.88,part_load
3.989,59.863,1058.0,111.73,transition
2.279,63.327,1072.4,127.1,transition
2.212,65.962,1061.1,120.73,transition
3.76,65.872,1045.0,107.95,part_load
0.557,68.611,1100.1,152.55,high_fire
0.728,61.378,1097.3,146.69,high_fire
1.796,59.359,1077.9,129.61,normal
3.264,54.004,1100.1,158.09,high_fire
1.108,68.138,1099.9,152.71,high_fire
6.782,115.987,1022.1,105.07,part_load
5.598,69.14,1042.9,104.46,part_load
1.156,59.68,1091.1,133.2,normal
3.523,55.388,1067.5,115.95,transition
0.481,52.987,1099.9,157.81,high_fire
5.414,71.186,1048.9,111.0,part_load
34.267,81.848,1011.7,106.39,part_load
7.034,73.799,1041.6,109.83,part_load
1.323,61.232,1077.1,134.21,normal
1.375,67.027,1099.0,150.66,high_fire
2.083,63.497,1084.3,133.66,normal
22.511,79.315,1025.9,104.42,part_load
0.624,50.314,1100.0,164.9,high_fire
0.889,54.249,1078.5,134.7,normal
3.725,56.253,1047.5,105.3,part_load
1.946,63.821,1087.1,132.56,normal
4.569,57.493,1044.5,101.48,part_load
5.086,74.768,1039.8,104.21,part_load
2.267,60.666,1068.5,122.43,transition
8.721,91.0,1033.6,109.37,part_load
3.412,57.918,1049.1,108.97,part_load
2.474,55.563,1096.7,152.46,high_fire
0.851,49.703,1099.4,164.31,high_fire
1.206,63.524,1087.0,135.02,normal
1.064,64.914,1099.9,148.71,high_fire
2.386,63.667,1062.7,120.98,transition
0.784,69.652,1092.5,134.04,normal
1.944,81.012,1100.4,155.33,high_fire
1.281,66.787,1092.5,134.24,normal
1.24,60.696,1078.5,126.86,normal
10.819,58.651,1055.1,108.67,transition
4.236,59.826,1036.8,109.77,part_load
1.264,61.709,1087.2,132.6,normal
2.429,62.802,1056.6,109.69,transition
0.998,74.848,1099.9,161.4,high_fire
1.528,66.116,1100.0,148.35,high_fire
3.082,58.659,1057.9,114.16,transition
2.036,65.501,1080.2,132.39,normal
1.273,65.826,1080.2,134.14,normal
2.211,58.375,1073.0,123.01,transition
4.513,58.059,1053.8,111.06,transition
1.529,69.732,1092.7,147.19,normal
8.185,80.074,1041.1,103.49,part_load
2.266,60.863,1073.3,122.18,transition
10.144,91.066,1044.1,109.03,part_load
1.114,62.195,1100.0,150.67,high_fire
8.193,84.996,1047.8,109.19,part_load
10.754,107.564,1039.9,109.41,part_load
1.566,56.383,1043.7,110.24,part_load
12.231,94.845,1037.6,108.48,part_load
5.396,66.604,1047.6,110.24,part_load
1.342,72.07,1081.6,136.66,normal
1.529,76.594,1095.2,134.08,high_fire
2.61,61.407,1064.8,118.49,transition
1.169,65.837,1100.0,153.42,high_fire
1.623,65.565,1089.0,133.99,normal
12.502,88.442,1034.1,108.46,part_load
0.82,54.48,1100.0,162.77,high_fire
2.543,71.971,1063.6,122.26,transition
6.149,89.755,1058.5,112.8,transition
12.37,118.43,1026.9,100.14,part_load
0.041,44.031,1100.0,151.17,high_fire
3.261,60.929,1042.2,110.29,part_load
10.995,89.386,1040.9,109.03,part_load
1.116,61.117,1089.3,133.76,normal
1.83,64.233,1086.1,134.19,normal
1.282,64.607,1099.9,155.29,high_fire
0.899,79.713,1100.0,144.24,high_fire
1.837,60.854,1073.4,124.63,transition
1.111,66.433,1099.5,147.82,high_fire
2.168,66.689,1099.7,143.88,high_fire
10.599,107.765,1031.7,104.33,part_load
1.79,58.558,1096.4,151.83,high_fire
1.833,69.265,1082.0,134.11,normal
9.628,85.849,1041.5,109.66,part_load
2.106,65.473,1043.9,110.31,part_load
3.776,68.082,1045.9,108.52,part_load
0.893,68.557,1099.9,155.92,high_fire
4.931,62.921,1053.8,109.26,transition
1.453,65.921,1100.0,161.64,high_fire
0.573,50.412,1099.8,162.57,high_fire
6.556,74.851,1053.1,110.43,transition
4.527,69.539,1073.9,127.91,transition
1.589,70.049,1078.7,133.56,normal
6.254,65.024,1049.1,109.25,part_load
1.006,58.917,1077.6,134.37,normal
1.415,69.025,1100.0,144.29,high_fire
4.63,67.836,1048.4,109.95,part_load
5.884,76.046,1046.6,109.56,part_load
1.843,69.888,1099.1,144.67,high_fire
13.629,97.161,1037.4,110.14,part_load
2.526,55.163,1100.1,158.14,high_fire
3.655,68.003,1043.7,107.74,part_load
0.694,59.975,1099.8,150.02,high_fire
1.134,68.441,1100.2,147.13,high_fire
3.16,60.726,1066.0,115.01,transition
1.343,81.537,1095.6,134.33,high_fire
1.994,55.569,1060.1,121.04,transition
5.01,57.141,1058.1,110.04,transition
0.729,46.978,1043.2,109.34,part_load
1.219,68.431,1099.9,155.34,high_fire
4.985,64.975,1052.7,108.1,transition
2.649,65.275,1084.6,133.47,normal
1.968,61.133,1093.8,133.74,normal
2.613,69.21,1064.5,121.31,transition
4.32,58.674,1053.1,105.68,transition
1.472,72.858,1080.8,127.83,normal
3.54,63.514,1045.5,107.48,part_load
1.845,64.558,1063.5,121.16,transition
2.037,68.152,1099.9,147.49,high_fire
3.398,68.475,1060.4,117.81,transition
10.261,101.012,1033.9,105.4,part_load
1.595,65.338,1083.0,132.81,normal
12.212,100.619,1041.4,111.85,part_load
9.519,88.765,1045.7,102.21,part_load
1.571,58.09,1100.1,159.63,high_fire
1.81,66.635,1098.9,144.06,high_fire
2.881,67.756,1065.6,120.48,transition
4.919,64.992,1044.7,108.34,part_load
0.798,54.045,1097.7,157.55,high_fire
2.18,69.157,1064.6,123.39,transition
4.022,72.12,1061.3,121.32,transition
0.752,47.025,1099.9,164.05,high_fire
2.836,74.331,1063.2,122.85,transition
1.24,66.149,1099.8,155.9,high_fire
1.735,63.729,1092.6,134.43,normal
1.414,55.777,1043.8,110.49,part_load
8.377,72.764,1049.9,107.71,part_load
5.022,69.837,1043.8,108.58,part_load
1.003,57.186,1076.6,133.91,normal
2.355,70.715,1063.7,122.98,transition
2.806,81.54,1081.0,128.7,normal
1.224,59.499,1095.0,135.5,high_fire
3.837,57.618,1049.7,107.43,part_load
1.689,62.632,1080.6,129.39,normal
11.948,98.799,1027.2,105.43,part_load
5.979,74.74,1046.0,108.32,part_load
5.034,70.435,1047.1,108.8,part_load
11.015,107.134,1030.8,104.1,part_load
2.196,68.239,1076.0,126.74,normal
13.066,104.839,1037.8,108.59,part_load
1.222,59.869,1057.6,121.07,transition
1.895,70.905,1083.7,134.56,normal
0.941,55.473,1100.0,152.26,high_fire
4.798,78.563,1039.9,107.4,part_load
1.783,69.655,1089.7,133.27,normal
1.013,68.146,1100.0,151.84,high_fire
1.497,62.522,1099.9,150.45,high_fire
2.569,59.444,1074.4,127.24,transition
1.199,59.942,1100.1,162.87,high_fire
3.073,60.071,1056.2,113.61,transition
5.508,70.731,1047.9,109.89,part_load
0.92,63.905,1099.7,146.33,high_fire
1.135,66.191,1100.0,154.38,high_fire
1.884,66.225,1089.2,134.23,normal
1.392,62.753,1078.4,132.51,normal
11.694,99.028,1043.2,109.15,part_load
4.195,60.264,1055.5,109.77,transition
2.031,70.365,1100.1,150.03,high_fire
1.418,65.756,1099.9,151.09,high_fire
2.447,65.889,1074.1,126.37,transition
4.764,61.516,1051.5,110.45,transition
0.929,66.735,1100.0,155.23,high_fire
5.105,52.895,1053.8,108.24,transition
11.196,85.376,1045.3,111.79,part_load
1.524,64.546,1099.6,144.64,high_fire
4.389,62.777,1045.8,106.85,part_load
1.56,59.594,1084.1,133.61,normal
1.457,70.014,1095.4,136.06,high_fire
1.581,64.41,1100.0,155.4,high_fire
0.724,64.329,1099.9,149.23,high_fire
1.674,66.094,1099.9,149.17,high_fire
1.858,65.388,1090.1,134.12,normal
14.691,106.439,1029.5,104.75,part_load
5.774,80.078,1035.5,106.34,part_load
2.968,60.934,1056.2,109.63,transition
5.052,59.774,1080.8,127.15,normal
2.51,65.908,1082.8,133.46,normal
1.718,66.855,1080.7,134.58,normal
6.86,71.766,1033.1,109.14,part_load
1.1,62.213,1087.4,135.71,normal
1.182,57.179,1078.9,134.98,normal
9.798,95.561,1046.6,108.51,part_load
1.267,60.299,1087.1,133.24,normal
1.585,72.345,1100.1,163.78,high_fire
2.904,53.313,1061.1,120.58,transition
2.018,68.129,1093.4,136.29,normal
0.963,68.5,1100.0,154.58,high_fire
1.19,64.108,1089.4,134.24,normal
4.843,67.126,1046.6,108.14,part_load
4.01,66.602,1062.7,122.28,transition
7.296,89.142,1044.5,113.13,part_load
1.501,70.712,1100.0,156.05,high_fire
4.492,63.875,1051.8,110.35,transition
0.482,61.853,1089.0,134.51,normal
7.327,77.709,1030.0,103.61,part_load
2.102,53.624,1100.0,165.25,high_fire
1.206,55.78,1077.2,134.82,normal
1.106,71.365,1100.0,150.08,high_fire
1.724,61.618,1087.0,134.08,normal
0.183,46.527,1099.8,161.03,high_fire
7.646,78.205,1051.1,113.72,transition
0.82,60.928,1086.9,133.65,normal
0.687,64.892,1089.7,132.76,normal
2.277,58.04,1065.3,123.42,transition
0.332,50.378,1099.9,162.78,high_fire
4.425,65.594,1052.0,110.48,transition
1.229,70.501,1094.6,134.47,normal
10.288,55.421,1075.0,131.7,normal
1.394,64.858,1089.1,133.46,normal
